,0
0,https://fa.wikipedia.org/wiki/%D8%A8%DB%8C%D9%88%D8%A7%D9%86%D9%81%D9%88%D8%B1%D9%85%D8%A7%D8%AA%DB%8C%DA%A9
1,https://fa.wikipedia.org/wiki/%DA%98%D9%86%E2%80%8C%DB%8C%D8%A7%D8%A8%DB%8C
2,https://fa.wikipedia.org/wiki/%D8%A2%D8%B1%D9%85_%D8%AA%D9%88%D8%A7%D9%84%DB%8C
3,https://fa.wikipedia.org/wiki/%D8%A2%D9%85%D8%A7%D8%B1_%D8%B2%DB%8C%D8%B3%D8%AA%DB%8C
4,https://fa.wikipedia.org/wiki/%D8%A2%D9%86%D8%A7%D9%84%DB%8C%D8%B2_%D8%AA%D8%B5%D8%A7%D9%88%DB%8C%D8%B1_%D8%B2%DB%8C%D8%B3%D8%AA%DB%8C
5,https://fa.wikipedia.org/wiki/%D8%A2%D9%86%D8%A7%D9%84%DB%8C%D8%B2_%D8%AF%D9%86%D8%A8%D8%A7%D9%84%D9%87
6,https://fa.wikipedia.org/wiki/%D8%A2%D9%86%D8%AA%D8%B1%D9%87
7,https://fa.wikipedia.org/wiki/%D8%A7%D9%BE%DB%8C%E2%80%8C%DA%98%D9%86%D8%AA%DB%8C%DA%A9_%D9%85%D8%AD%D8%A7%D8%B3%D8%A8%D8%A7%D8%AA%DB%8C
8,https://fa.wikipedia.org/wiki/%D8%A7%D8%AA%D8%B5%D8%A7%D9%84-%D9%87%D9%85%D8%B3%D8%A7%DB%8C%DA%AF%DB%8C
9,https://fa.wikipedia.org/wiki/%D8%A7%D8%B3%D8%AA%D9%86%D8%A8%D8%A7%D8%B7_%D8%A8%DB%8C%D8%B2%DB%8C_%D8%AA%D8%A8%D8%A7%D8%B1%D8%B2%D8%A7%DB%8C%D8%B4
10,https://fa.wikipedia.org/wiki/%D8%A7%D8%B3%D8%AA%D9%86%D8%A8%D8%A7%D8%B7_%D8%B4%D8%A8%DA%A9%D9%87%E2%80%8C%D9%87%D8%A7%DB%8C_%D8%B2%DB%8C%D8%B3%D8%AA%DB%8C
11,https://fa.wikipedia.org/wiki/%D8%A7%DA%A9%D8%B3%D9%BE%D8%B3%DB%8C
12,https://fa.wikipedia.org/wiki/%D8%A7%D9%84%DA%AF%D9%88%D8%B1%DB%8C%D8%AA%D9%85_%D9%87%DB%8C%D8%B1%D8%B4%D8%A8%D8%B1%DA%AF
13,https://fa.wikipedia.org/wiki/%D8%A7%D9%86%D9%81%D9%88%D8%B1%D9%85%D8%A7%D8%AA%DB%8C%DA%A9_%D8%AA%D8%B5%D9%88%DB%8C%D8%B1%DB%8C
14,https://fa.wikipedia.org/wiki/%D8%A7%DB%8C%E2%80%8C%D8%A7%D9%85_%DA%86%D9%86%D8%AF%DA%AF%D8%A7%D9%86%D9%87_%D8%A8%D8%B1%D8%A7%DB%8C_%D8%A7%D8%B3%D8%AA%D8%AE%D8%B1%D8%A7%D8%AC_%D9%85%D9%88%D8%AA%DB%8C%D9%81
15,https://fa.wikipedia.org/wiki/%D8%A7%DB%8C%D9%85%D9%86%DB%8C%E2%80%8C%D8%B4%D9%86%D8%A7%D8%B3%DB%8C_%D9%85%D8%AD%D8%A7%D8%B3%D8%A8%D8%A7%D8%AA%DB%8C
16,https://fa.wikipedia.org/wiki/%D8%A7%DB%8C%D9%86%D8%AA%D8%B1%D9%BE%D8%B1%D9%88
17,https://fa.wikipedia.org/wiki/%D8%A7%DB%8C%D9%86%D8%AA%D8%B1%DA%A9%D8%AA%D9%88%D9%85
18,https://fa.wikipedia.org/wiki/%D8%A7%DB%8C%D9%86%D8%AA%D8%B1%D9%88%D9%86
19,https://fa.wikipedia.org/wiki/%D8%A8%D8%A7%D8%B2%D8%B3%D8%A7%D8%B2%DB%8C_%D8%AA%D9%88%D8%A7%D9%84%DB%8C
20,https://fa.wikipedia.org/wiki/%D8%A8%D8%A7%D9%86%DA%A9_%D8%AF%D8%A7%D8%AF%D9%87_%D9%BE%D8%B1%D9%88%D8%AA%D8%A6%DB%8C%D9%86
21,https://fa.wikipedia.org/wiki/%D8%A8%D8%A7%DB%8C%D9%88%D9%BE%D8%A7%DB%8C%D8%AA%D9%88%D9%86
22,https://fa.wikipedia.org/wiki/%D8%A8%D9%84%D8%A7%D8%AA_(%D8%A8%DB%8C%D9%88%D8%A7%D9%86%D9%81%D9%88%D8%B1%D9%85%D8%A7%D8%AA%DB%8C%DA%A9)
23,https://fa.wikipedia.org/wiki/%D8%A8%D9%84%D8%A7%D8%B3%D8%AA
24,https://fa.wikipedia.org/wiki/%D8%A8%D9%84%D9%88%D8%B3%D8%A7%D9%85
25,https://fa.wikipedia.org/wiki/%D8%A8%DB%8C%D8%A7%D9%86_%DA%98%D9%86
26,https://fa.wikipedia.org/wiki/%D8%A7%D9%84%DA%AF%D9%88:%D8%A8%DB%8C%D9%88%D8%A7%D9%86%D9%81%D9%88%D8%B1%D9%85%D8%A7%D8%AA%DB%8C%DA%A9
27,https://fa.wikipedia.org/wiki/%D8%A8%DB%8C%D9%88%D9%BE%D8%A7%D9%86%DA%A9
28,https://fa.wikipedia.org/wiki/%D8%A8%DB%8C%D9%88%D9%BE%D8%B1%D9%84
29,https://fa.wikipedia.org/wiki/%D9%BE%D8%A7%D8%A8%E2%80%8C%D9%85%D8%AF
30,https://fa.wikipedia.org/wiki/%D9%BE%D8%A7%DB%8C%DA%AF%D8%A7%D9%87_%D8%AF%D8%A7%D8%AF%D9%87_%D8%AA%D9%88%D8%A7%D9%84%DB%8C%E2%80%8C%D9%87%D8%A7
31,https://fa.wikipedia.org/wiki/%D9%BE%D8%B1%D9%88%D8%AA%D8%A6%D9%88%D9%85
32,https://fa.wikipedia.org/wiki/%D9%BE%D8%B1%D9%88%D8%AA%D8%A6%D9%88%D9%85%DB%8C%DA%A9%D8%B3
33,https://fa.wikipedia.org/wiki/%D9%BE%D8%B1%D9%88%DA%98%D9%87_%DB%B1%DB%B0%DB%B0%DB%B0_%DA%98%D9%86%D9%88%D9%85
34,https://fa.wikipedia.org/wiki/%D9%BE%D8%B1%D9%88%DA%98%D9%87_%D9%BE%D8%A7%DB%8C%DA%AF%D8%A7%D9%87_%D8%AF%D8%A7%D8%AF%D9%87_%DA%98%D9%86%D9%88%D9%85_%D8%A2%D9%86%D8%B3%D8%A7%D9%85%D8%A8%D9%84
35,https://fa.wikipedia.org/wiki/%D9%BE%D8%B1%D9%88%DA%98%D9%87_%DA%98%D9%86%D9%88%D9%85_%D8%A7%D9%86%D8%B3%D8%A7%D9%86
36,https://fa.wikipedia.org/wiki/%D9%BE%D8%B1%D9%88%DA%98%D9%87_%D9%85%DB%8C%DA%A9%D8%B1%D9%88%D8%A8%DB%8C%D9%88%D9%85_%D8%A7%D9%86%D8%B3%D8%A7%D9%86
37,https://fa.wikipedia.org/wiki/%D9%BE%D9%88%D8%B4%D8%B4_%D9%BE%DB%8C%D8%B4%D9%88%D9%86%D8%AF
38,https://fa.wikipedia.org/wiki/%D9%BE%DB%8C%D8%B4%E2%80%8C%D8%A8%DB%8C%D9%86%DB%8C_%D8%A8%D8%B1%D9%87%D9%85%E2%80%8C%DA%A9%D9%86%D8%B4_%D9%BE%D8%B1%D9%88%D8%AA%D8%A6%DB%8C%D9%86-%D9%BE%D8%B1%D9%88%D8%AA%D8%A6%DB%8C%D9%86
39,https://fa.wikipedia.org/wiki/%D9%BE%DB%8C%D8%B4%E2%80%8C%D8%A8%DB%8C%D9%86%DB%8C_%D8%B3%D8%A7%D8%AE%D8%AA%D8%A7%D8%B1_%D9%BE%D8%B1%D9%88%D8%AA%D8%A6%DB%8C%D9%86
40,https://fa.wikipedia.org/wiki/%D9%BE%DB%8C%D8%B4%E2%80%8C%D8%A8%DB%8C%D9%86%DB%8C_%D8%B9%D9%85%D9%84%DA%A9%D8%B1%D8%AF_%D9%BE%D8%B1%D9%88%D8%AA%D8%A6%DB%8C%D9%86
41,https://fa.wikipedia.org/wiki/%D8%AA%D8%A8%D8%A7%D8%B1%D8%B2%D8%A7%DB%8C%DB%8C_%D9%85%D9%88%D9%84%DA%A9%D9%88%D9%84%DB%8C
42,https://fa.wikipedia.org/wiki/%D8%AA%D8%AD%D9%84%DB%8C%D9%84_%DA%AF%D8%B1%D8%A7%D9%81_%D8%AA%D9%88%D8%A7%D9%86%DB%8C
43,https://fa.wikipedia.org/wiki/%D8%AA%D8%B9%D8%A7%D9%85%D9%84_%D9%BE%D8%B1%D9%88%D8%AA%D8%A6%DB%8C%D9%86-%D9%BE%D8%B1%D9%88%D8%AA%D8%A6%DB%8C%D9%86
44,https://fa.wikipedia.org/wiki/%D8%AA%D9%88%D8%A7%D9%84%DB%8C_%D8%A7%D8%AC%D9%85%D8%A7%D8%B9
45,https://fa.wikipedia.org/wiki/%D8%AA%D9%88%D8%A7%D9%84%DB%8C%E2%80%8C%DB%8C%D8%A7%D8%A8%DB%8C_%D8%A2%D8%B1%D8%A7%D9%86%E2%80%8C%D8%A7%DB%8C
46,https://fa.wikipedia.org/wiki/%D8%AA%D9%88%D8%A7%D9%84%DB%8C%E2%80%8C%DB%8C%D8%A7%D8%A8%DB%8C_%D8%B4%D8%A7%D8%AA%DA%AF%D8%A7%D9%86
47,https://fa.wikipedia.org/wiki/%D8%AA%D9%88%D8%A7%D9%84%DB%8C%E2%80%8C%DB%8C%D8%A7%D8%A8%DB%8C_%DA%A9%D9%84_%DA%98%D9%86%D9%88%D9%85
48,https://fa.wikipedia.org/wiki/%D8%AA%D9%88%D9%BE%D9%88%D9%86%D9%88%D9%85
49,https://fa.wikipedia.org/wiki/%D8%AA%DB%8C-%DA%A9%D8%A7%D9%81%DB%8C
50,https://fa.wikipedia.org/wiki/%D8%AC%D8%B1%DB%8C%D9%85%D9%87_%D9%BE%D8%B1%D8%B4
51,https://fa.wikipedia.org/wiki/%D8%AC%D8%B3%D8%AA%D8%AC%D9%88%DB%8C_%D9%85%D9%88%D8%AA%DB%8C%D9%81_%DA%A9%D8%A7%D8%B4%D8%AA%D9%87%E2%80%8C%D8%B4%D8%AF%D9%87
52,https://fa.wikipedia.org/wiki/%D8%AC%D8%B3%D8%AA%D8%AC%D9%88%DB%8C_%D9%85%D9%88%D8%AA%DB%8C%D9%81_%DA%AF%D9%85%D8%A7%D8%B4%D8%AA%D9%87%E2%80%8C%D8%B4%D8%AF%D9%87
53,https://fa.wikipedia.org/wiki/%D8%AC%D9%81%D8%AA%E2%80%8C%D8%A8%D8%A7%D8%B2
54,https://fa.wikipedia.org/wiki/%D8%AC%D9%87%D8%B4_%D9%BE%D8%B0%DB%8C%D8%B1%D9%81%D8%AA%D9%87_%D9%86%D9%82%D8%B7%D9%87%E2%80%8C%D8%A7%DB%8C
55,https://fa.wikipedia.org/wiki/%DA%86%D8%A7%D8%B1%DA%86%D9%88%D8%A8_%D8%AE%D9%88%D8%A7%D9%86%D8%B4_%D8%A8%D8%A7%D8%B2
56,https://fa.wikipedia.org/wiki/%D8%AD%D8%A7%D8%B4%DB%8C%D9%87%E2%80%8C%D9%86%D9%88%DB%8C%D8%B3%DB%8C_%D8%A7%D8%B3%D9%86%DB%8C%D9%BE
57,https://fa.wikipedia.org/wiki/%D8%AD%D8%B3%D8%A7%D8%B3%DB%8C%D8%AA_%D9%88_%D9%88%DB%8C%DA%98%DA%AF%DB%8C
58,https://fa.wikipedia.org/wiki/%D8%AE%D8%A7%D9%86%D9%88%D8%A7%D8%AF%D9%87_%D9%BE%D8%B1%D9%88%D8%AA%D8%A6%DB%8C%D9%86
59,https://fa.wikipedia.org/wiki/%D8%AE%D8%B7%D8%A7%DB%8C_%D8%AE%D9%88%D8%A7%D9%86%D8%B4_%D8%AF%DB%8C%E2%80%8C%D8%A7%D9%86%E2%80%8C%D8%A7%DB%8C
60,https://fa.wikipedia.org/wiki/%D8%AF%D8%A7%D8%AF%DA%AF%D8%A7%D9%86_%D8%A8%DB%8C%D9%85%D8%A7%D8%B1%DB%8C%E2%80%8C%D9%87%D8%A7
61,https://fa.wikipedia.org/wiki/%D8%AF%D8%A7%DA%A9%DB%8C%D9%86%DA%AF_(%D9%85%D8%AF%D9%84%E2%80%8C%D8%B3%D8%A7%D8%B2%DB%8C)
62,https://fa.wikipedia.org/wiki/%D8%AF%D8%A7%DA%A9%DB%8C%D9%86%DA%AF_%D9%85%D8%A7%DA%A9%D8%B1%D9%88%D9%85%D9%88%D9%84%DA%A9%D9%88%D9%84%DB%8C
63,https://fa.wikipedia.org/wiki/%D8%AF%D9%82%D8%AA_%D9%88_%D8%A8%D8%A7%D8%B2%DB%8C%D8%A7%D8%A8%DB%8C
64,https://fa.wikipedia.org/wiki/%D8%AF%D9%86%D8%A8%D8%A7%D9%84%D9%87_%DA%AF%D8%B1%D8%A7%D9%81%DB%8C
65,https://fa.wikipedia.org/wiki/%D8%AF%D9%86%D8%A8%D8%A7%D9%84%D9%87_%D9%85%D9%88%D8%AA%DB%8C%D9%81
66,https://fa.wikipedia.org/wiki/%D8%AF%D9%86%D8%A8%D8%A7%D9%84%D9%87%E2%80%8C%DA%A9%D8%A7%D9%88%DB%8C
67,https://fa.wikipedia.org/wiki/%D8%AF%DB%8C%D8%AF%D8%A7%D8%B1%DB%8C%E2%80%8C%D8%B3%D8%A7%D8%B2%DB%8C_%D8%AF%D8%A7%D8%AF%D9%87_%D8%B2%DB%8C%D8%B3%D8%AA%DB%8C
68,https://fa.wikipedia.org/wiki/%D8%B1%D8%B3%D9%85_%D9%86%D9%82%D8%B7%D9%87%E2%80%8C%D8%A7%DB%8C
69,https://fa.wikipedia.org/wiki/%D8%B1%D9%88%D8%B4_%D8%AC%D9%81%D8%AA_%DA%AF%D8%B1%D9%88%D9%87_%D8%A8%D8%AF%D9%88%D9%86_%D9%88%D8%B2%D9%86_%D8%A8%D8%A7_%D9%85%DB%8C%D8%A7%D9%86%DA%AF%DB%8C%D9%86_%D8%AD%D8%B3%D8%A7%D8%A8%DB%8C
70,https://fa.wikipedia.org/wiki/%D8%B1%D9%88%D8%B4_%DA%86%D9%88-%D9%81%D8%B3%D9%85%D9%86
71,https://fa.wikipedia.org/wiki/%D8%B1%DB%8C%D8%B2%D8%A2%D8%B1%D8%A7%DB%8C%D9%87_%D8%AF%DB%8C%E2%80%8C%D8%A7%D9%86%E2%80%8C%D8%A7%DB%8C
72,https://fa.wikipedia.org/wiki/%D8%B2%D9%86%D9%88%D8%A8%DB%8C%D9%88%D9%84%D9%88%DA%98%DB%8C
73,https://fa.wikipedia.org/wiki/%D8%B2%DB%8C%D8%B3%D8%AA%E2%80%8C%D8%AA%D8%B1%D8%A7%D8%B4%D9%87
74,https://fa.wikipedia.org/wiki/%D8%B2%DB%8C%D8%B3%D8%AA%E2%80%8C%D8%AA%D9%82%D9%84%DB%8C%D8%AF
75,https://fa.wikipedia.org/wiki/%D8%B2%DB%8C%D8%B3%D8%AA%E2%80%8C%D8%B1%D8%A7%DB%8C%D8%A7%D9%86%D9%87
76,https://fa.wikipedia.org/wiki/%D8%B2%DB%8C%D8%B3%D8%AA%E2%80%8C%D8%B4%D9%86%D8%A7%D8%B3%DB%8C_%D8%B3%D8%A7%D9%85%D8%A7%D9%86%D9%87%E2%80%8C%D9%87%D8%A7
77,https://fa.wikipedia.org/wiki/%D8%B2%DB%8C%D8%B3%D8%AA%E2%80%8C%D8%B4%D9%86%D8%A7%D8%B3%DB%8C_%D8%B3%D8%A7%D9%85%D8%A7%D9%86%D9%87%E2%80%8C%D9%87%D8%A7%DB%8C_%D9%BE%DB%8C%DA%86%DB%8C%D8%AF%D9%87
78,https://fa.wikipedia.org/wiki/%D8%B2%DB%8C%D8%B3%D8%AA%E2%80%8C%D8%B4%D9%86%D8%A7%D8%B3%DB%8C_%D9%85%D8%AD%D8%A7%D8%B3%D8%A8%D8%A7%D8%AA%DB%8C
79,https://fa.wikipedia.org/wiki/%D8%B2%DB%8C%D8%B3%D8%AA%E2%80%8C%D8%B4%D9%86%D8%A7%D8%B3%DB%8C_%D9%85%D8%B5%D9%86%D9%88%D8%B9%DB%8C
80,https://fa.wikipedia.org/wiki/%DA%98%D9%86%E2%80%8C%D8%A8%D8%A7%D9%86%DA%A9
81,https://fa.wikipedia.org/wiki/%DA%98%D9%86%D9%88%D9%85%DB%8C%DA%A9
82,https://fa.wikipedia.org/wiki/%DA%98%D9%86%D9%88%D9%85%DB%8C%DA%A9_%D8%B9%D9%85%D9%84%DA%A9%D8%B1%D8%AF%DB%8C
83,https://fa.wikipedia.org/wiki/%DA%98%D9%86%D9%88%D9%85%DB%8C%DA%A9_%D9%85%D8%AD%D8%A7%D8%B3%D8%A8%D8%A7%D8%AA%DB%8C
84,https://fa.wikipedia.org/wiki/%D8%B3%D8%A7%D8%AE%D8%AA%D8%A7%D8%B1_%D8%AF%D9%88%D9%85_%D8%A7%D8%B3%DB%8C%D8%AF_%D9%86%D9%88%DA%A9%D9%84%D8%A6%DB%8C%DA%A9
85,https://fa.wikipedia.org/wiki/%D8%B3%D8%B1%D8%B9%D9%86%D9%88%D8%A7%D9%86%E2%80%8C%D9%87%D8%A7%DB%8C_%D9%85%D9%88%D8%B6%D9%88%D8%B9%DB%8C_%D9%BE%D8%B2%D8%B4%DA%A9%DB%8C
86,https://fa.wikipedia.org/wiki/%D8%B3%DB%8C_%D8%A7%D8%B3-%D8%A8%D9%84%D8%B3%D8%AA
87,https://fa.wikipedia.org/wiki/%D8%B4%D8%A8%DA%A9%D9%87_%D8%A8%D9%88%D9%84%DB%8C
88,https://fa.wikipedia.org/wiki/%D8%B4%D8%A8%DA%A9%D9%87_%D9%87%D9%85%E2%80%8C%D8%A8%DB%8C%D8%A7%D9%86%DB%8C_%DA%98%D9%86%E2%80%8C%D9%87%D8%A7
89,https://fa.wikipedia.org/wiki/%D8%B4%D8%A8%DA%A9%D9%87%E2%80%8C%D9%87%D8%A7%DB%8C_%D8%B2%DB%8C%D8%B3%D8%AA%DB%8C
90,https://fa.wikipedia.org/wiki/%D8%B9%D8%AF%D8%AF_%DA%AF%D8%B1%D9%88%D9%87_%D8%A2%D9%86%D8%B2%DB%8C%D9%85
91,https://fa.wikipedia.org/wiki/%D8%B9%D9%84%D9%88%D9%85_%D8%A7%D8%B9%D8%B5%D8%A7%D8%A8_%D9%85%D8%AD%D8%A7%D8%B3%D8%A8%D8%A7%D8%AA%DB%8C
92,https://fa.wikipedia.org/wiki/%D9%81%D8%B3%D8%AA_%D8%A7%DB%8C
93,https://fa.wikipedia.org/wiki/%D9%81%D9%88%D9%84%D8%AF%DB%8C%D9%86%DA%AF_%D8%A7%D8%AA_%D9%87%D9%85
94,https://fa.wikipedia.org/wiki/%D9%81%DB%8C%D9%84%D8%AA%D8%B1_%D8%A8%D9%84%D9%88%D9%85_%D8%AF%D8%B1_%D8%A8%DB%8C%D9%88%D8%A7%D9%86%D9%81%D9%88%D8%B1%D9%85%D8%A7%D8%AA%DB%8C%DA%A9
95,https://fa.wikipedia.org/wiki/%D9%82%D8%A7%D9%84%D8%A8_%D9%81%D8%B3%D8%AA%D8%A7
96,https://fa.wikipedia.org/wiki/%D9%82%D8%A7%D9%84%D8%A8_%D9%81%D8%B3%D8%AA%DA%A9
97,https://fa.wikipedia.org/wiki/%DA%A9_%D8%AA%D8%A7%DB%8C%DB%8C
98,https://fa.wikipedia.org/wiki/%DA%A9%D8%A7%D8%B1%D8%A8%D8%B1%D8%AF_%DB%8C%D8%A7%D8%AF%DA%AF%DB%8C%D8%B1%DB%8C_%D9%85%D8%A7%D8%B4%DB%8C%D9%86_%D8%AF%D8%B1_%D8%AA%D8%B4%D8%AE%DB%8C%D8%B5_%D9%88_%D9%BE%DB%8C%D8%B4%E2%80%8C%D8%A8%DB%8C%D9%86%DB%8C_%D8%B3%D8%B1%D8%B7%D8%A7%D9%86
99,https://fa.wikipedia.org/wiki/%DA%A9%D8%A7%D8%B1%D8%A8%D8%B1%D8%AF_%DB%8C%D8%A7%D8%AF%DA%AF%DB%8C%D8%B1%DB%8C_%D9%85%D8%A7%D8%B4%DB%8C%D9%86_%D8%AF%D8%B1_%D8%AF%D8%A7%D8%AF%D9%87%E2%80%8C%D9%87%D8%A7%DB%8C_%D9%BE%D8%B1%D9%88%D8%AA%D8%A6%D9%88%D9%85%DB%8C%DA%A9
100,https://fa.wikipedia.org/wiki/%DA%A9%D9%84%D8%A7%D8%B3%D8%AA%D8%A7%D9%84
101,https://fa.wikipedia.org/wiki/%DA%AF%D8%B1%D8%A7%D9%85%D8%B1_%D9%85%D8%B3%D8%AA%D9%82%D9%84_%D8%A7%D8%B2_%D9%85%D8%AA%D9%86_%D8%AA%D8%B5%D8%A7%D8%AF%D9%81%DB%8C
102,https://fa.wikipedia.org/wiki/%DA%AF%D8%B2%DB%8C%D9%86%D8%B4_%D8%AF%D8%A7%D8%AF%D9%87%E2%80%8C%D9%87%D8%A7
103,https://fa.wikipedia.org/wiki/%D9%84%D9%88%DA%AF%D9%88%DB%8C_%D8%AF%D9%86%D8%A8%D8%A7%D9%84%D9%87
104,https://fa.wikipedia.org/wiki/%D9%85%D8%A7%D8%AA%D8%B1%DB%8C%D8%B3_%D8%AC%D8%A7%DB%8C%DA%AF%D8%B2%DB%8C%D9%86%DB%8C
105,https://fa.wikipedia.org/wiki/%D9%85%D8%A7%D8%AA%D8%B1%DB%8C%D8%B3_%D9%81%D8%A7%D8%B5%D9%84%D9%87
106,https://fa.wikipedia.org/wiki/%D9%85%D8%A7%D8%AA%D8%B1%DB%8C%D8%B3_%D9%88%D8%B2%D9%86_%D9%85%D9%88%D9%82%D8%B9%DB%8C%D8%AA_%D8%AE%D8%A7%D8%B5
107,https://fa.wikipedia.org/wiki/%D9%85%D8%A4%D8%B3%D8%B3%D9%87_%D9%BE%DA%98%D9%88%D9%87%D8%B4%DB%8C_%D8%A7%D8%B3%DA%A9%D8%B1%DB%8C%D9%BE%D8%B3
108,https://fa.wikipedia.org/wiki/%D9%85%D8%A4%D8%B3%D8%B3%D9%87_%D9%85%D9%84%DB%8C_%DA%98%D9%86%D8%AA%DB%8C%DA%A9_(%DA%98%D8%A7%D9%BE%D9%86)
109,https://fa.wikipedia.org/wiki/%D9%85%D8%AA%D8%A7%D8%A8%D9%88%D9%84%D9%88%D9%85
110,https://fa.wikipedia.org/wiki/%D9%85%D8%AA%D8%A7%D8%A8%D9%88%D9%84%D9%88%D9%85%DB%8C%DA%A9%D8%B3
111,https://fa.wikipedia.org/wiki/%D9%85%D8%AA%D8%A7%DA%98%D9%86%D9%88%D9%85%DB%8C%DA%A9
112,https://fa.wikipedia.org/wiki/%D9%85%D8%AA%D8%AF_%D8%AC%D9%81%D8%AA_%DA%AF%D8%B1%D9%88%D9%87_%D9%88%D8%B2%D9%86%E2%80%8C%D8%AF%D8%A7%D8%B1_%D8%A8%D8%A7_%D9%85%DB%8C%D8%A7%D9%86%DA%AF%DB%8C%D9%86_%D8%AD%D8%B3%D8%A7%D8%A8%DB%8C
113,https://fa.wikipedia.org/wiki/%D9%85%D8%AD%D9%84_%D8%A7%D8%AA%D8%B5%D8%A7%D9%84_%D8%AF%DB%8C%E2%80%8C%D8%A7%D9%86%E2%80%8C%D8%A7%DB%8C
114,https://fa.wikipedia.org/wiki/%D9%85%D8%AF%D9%84_%D8%A8%D9%86%DB%8C%D8%A7%D8%AF%DB%8C%D9%86_%DA%A9%D8%A7%D9%84%D8%A8%D8%AF%D8%B4%D9%86%D8%A7%D8%B3%DB%8C
115,https://fa.wikipedia.org/wiki/%D9%85%D8%AF%D9%84_%D8%AC%D8%A7%DB%8C%DA%AF%D8%B2%DB%8C%D9%86%DB%8C
116,https://fa.wikipedia.org/wiki/%D9%85%D8%AF%D9%84_%D9%81%D8%B1%DA%AF%D8%B4%D8%AA%DB%8C_%D8%AF%DB%8C%E2%80%8C%D8%A7%D9%86%E2%80%8C%D8%A7%DB%8C
117,https://fa.wikipedia.org/wiki/%D9%85%D8%AF%D9%84_%D9%85%D8%A7%D8%B1%DA%A9%D9%88%D9%81_%D9%BE%D9%86%D9%87%D8%A7%D9%86
118,https://fa.wikipedia.org/wiki/%D9%85%D8%AF%D9%84%D8%A7%DB%8C%D9%86
119,https://fa.wikipedia.org/wiki/%D9%85%D8%AF%D9%84%D8%A7%DB%8C%D9%86_%D9%BE%D9%84%D8%A7%D8%B3
120,https://fa.wikipedia.org/wiki/%D9%85%D8%AF%D9%84%E2%80%8C%D8%B3%D8%A7%D8%B2%DB%8C_%D8%B3%DB%8C%D8%B3%D8%AA%D9%85%E2%80%8C%D9%87%D8%A7%DB%8C_%D8%B2%DB%8C%D8%B3%D8%AA%DB%8C
121,https://fa.wikipedia.org/wiki/%D9%85%D8%AF%D9%84%E2%80%8C%D8%B3%D8%A7%D8%B2%DB%8C_%D9%85%D9%88%D9%84%DA%A9%D9%88%D9%84%DB%8C
122,https://fa.wikipedia.org/wiki/%D9%85%D8%AF%D9%84%E2%80%8C%D9%87%D8%A7%DB%8C_%D8%B3%DB%8C%D8%B1_%D9%81%D8%B1%DA%AF%D8%B4%D8%AA%DB%8C_%D8%AF%DB%8C%E2%80%8C%D8%A7%D9%86%E2%80%8C%D8%A7%DB%8C
123,https://fa.wikipedia.org/wiki/%D9%85%D8%B1%DA%A9%D8%B2_%D9%85%D9%84%DB%8C_%D8%A7%D8%B7%D9%84%D8%A7%D8%B9%D8%A7%D8%AA_%D8%B2%DB%8C%D8%B3%D8%AA%E2%80%8C%D9%81%D9%86%D8%A7%D9%88%D8%B1%DB%8C
124,https://fa.wikipedia.org/wiki/%D9%85%D9%86%D8%AD%D9%86%DB%8C_%D8%B2%D8%AF
125,https://fa.wikipedia.org/wiki/%D9%BE%DB%8C%D8%B4%E2%80%8C%D9%86%D9%88%DB%8C%D8%B3:%D9%85%D9%87%D9%86%D8%AF%D8%B3%DB%8C_%D9%87%D8%B3%D8%AA%DB%8C%E2%80%8C%D8%B4%D9%86%D8%A7%D8%B3%DB%8C
126,https://fa.wikipedia.org/wiki/%D9%86%D8%B8%D8%B1%DB%8C%D9%87_%D8%AA%D9%88%D8%A7%D9%84%DB%8C%E2%80%8C%DB%8C%D8%A7%D8%A8%DB%8C_%D8%AF%DB%8C%E2%80%8C%D8%A7%D9%86%E2%80%8C%D8%A7%DB%8C
127,https://fa.wikipedia.org/wiki/%D9%86%D9%82%D8%B4%D9%87_%DA%AF%D8%B1%D9%85%D8%A7%DB%8C%DB%8C
128,https://fa.wikipedia.org/wiki/%D9%86%DA%AF%D8%A7%D8%B4%D8%AA_%D9%85%D8%BA%D8%B2%DB%8C
129,https://fa.wikipedia.org/wiki/%D9%86%D9%88%D8%B1%D9%88%D8%A7%D9%86%D9%81%D9%88%D8%B1%D9%85%D8%A7%D8%AA%DB%8C%DA%A9
130,https://fa.wikipedia.org/wiki/%D9%87%D8%B3%D8%AA%DB%8C%E2%80%8C%D8%B4%D9%86%D8%A7%D8%B3%DB%8C_%DA%98%D9%86
131,https://fa.wikipedia.org/wiki/%D9%87%D9%85%E2%80%8C%D8%AA%D8%B1%D8%A7%D8%B2%D8%B3%D8%A7%D8%B2%DB%8C_%D8%AA%D9%88%D8%A7%D9%84%DB%8C
132,https://fa.wikipedia.org/wiki/%D9%87%D9%85%E2%80%8C%D8%AA%D8%B1%D8%A7%D8%B2%D8%B3%D8%A7%D8%B2%DB%8C_%DA%86%D9%86%D8%AF%D8%AA%D9%88%D8%A7%D9%84%DB%8C
133,https://fa.wikipedia.org/wiki/%D9%87%D9%85%DA%AF%D8%B0%D8%A7%D8%B1%DB%8C_%D8%A7%D8%B2%D8%B3%D8%B1%D9%86%D9%88_%D8%AA%D8%B1%D8%A7%D9%86%D8%B3%DA%A9%D8%B1%DB%8C%D9%BE%D8%AA%D9%88%D9%85
134,https://fa.wikipedia.org/wiki/%DB%8C%D8%A7%D8%AF%DA%AF%DB%8C%D8%B1%DB%8C_%D9%85%D8%A7%D8%B4%DB%8C%D9%86_%D8%AF%D8%B1_%D8%A8%DB%8C%D9%88%D8%A7%D9%86%D9%81%D9%88%D8%B1%D9%85%D8%A7%D8%AA%DB%8C%DA%A9
135,https://fa.wikipedia.org/wiki/%DB%8C%D9%88%D9%86%DB%8C%E2%80%8C%D9%BE%D8%B1%D9%88%D8%AA
136,https://fa.wikipedia.org/wiki/%DA%A9%D8%A7%D8%B1%D8%A8%D8%B1:Ata.j.ahari/%D8%AC%D8%B3%D8%AA_%D9%88_%D8%AC%D9%88%DB%8C_%D9%85%D9%88%D8%AA%DB%8C%D9%81_%DA%A9%D8%A7%D8%B4%D8%AA%D9%87_%D8%B4%D8%AF%D9%87
137,https://fa.wikipedia.org/wiki/%D8%A2%D8%B2%D9%85%D8%A7%DB%8C%D8%B4_%DA%98%D9%86%D8%AA%DB%8C%DA%A9
138,https://fa.wikipedia.org/wiki/%DA%98%D9%86%D8%AA%DB%8C%DA%A9
139,https://fa.wikipedia.org/wiki/%D8%A7%D9%84%DA%AF%D9%88:%DA%98%D9%86%D8%AA%DB%8C%DA%A9
140,https://fa.wikipedia.org/wiki/%D8%A2%D8%AF%D9%85_%DA%A9%D8%B1%D9%88%D9%85%D9%88%D8%B2%D9%88%D9%85_Y
141,https://fa.wikipedia.org/wiki/%D8%A2%D8%AF%D9%86%DB%8C%D9%86
142,https://fa.wikipedia.org/wiki/%D8%A2%D8%B1%D8%A7%D9%86%E2%80%8C%D8%A7%DB%8C
143,https://fa.wikipedia.org/wiki/%D8%A2%D8%B1%D8%A7%D9%86%E2%80%8C%D8%A7%DB%8C_%D9%BE%D9%84%DB%8C%E2%80%8C%D9%85%D8%B1%D8%A7%D8%B2_I
144,https://fa.wikipedia.org/wiki/%D8%A2%D8%B1%D8%A7%D9%86%E2%80%8C%D8%A7%DB%8C_%D9%BE%DB%8C%D8%A7%D9%85%E2%80%8C%D8%B1%D8%B3%D8%A7%D9%86
145,https://fa.wikipedia.org/wiki/%D8%A2%D8%B1%D8%A7%D9%86%E2%80%8C%D8%A7%DB%8C_%D8%AD%D8%A7%D9%85%D9%84
146,https://fa.wikipedia.org/wiki/%D8%A2%D8%B1%D8%A7%D9%86%E2%80%8C%D8%A7%DB%8C_%D8%B1%DB%8C%D8%A8%D9%88%D8%B2%D9%88%D9%85%DB%8C
147,https://fa.wikipedia.org/wiki/%D8%A2%D9%85%D9%86%DB%8C%D9%88%D8%B3%D9%86%D8%AA%D8%B2
148,https://fa.wikipedia.org/wiki/%D8%A2%D9%86%D8%B2%DB%8C%D9%85_%D8%B1%D9%88%D9%86%D9%88%D8%B4%D8%AA%E2%80%8C%D8%A8%D8%B1%D8%AF%D8%A7%D8%B1_%D9%85%D8%B9%DA%A9%D9%88%D8%B3
149,https://fa.wikipedia.org/wiki/%D8%A2%D9%86%D8%B2%DB%8C%D9%85%E2%80%8C%D9%87%D8%A7%DB%8C_%D9%87%D9%85%D8%A7%D9%86%D9%86%D8%AF%D8%B3%D8%A7%D8%B2%DB%8C
150,https://fa.wikipedia.org/wiki/%D8%A2%D9%86%DA%A9%D9%88%DA%98%D9%86
151,https://fa.wikipedia.org/wiki/%D8%A7%D9%BE%D8%B1%D8%A7%D9%86_%D9%84%DA%A9
152,https://fa.wikipedia.org/wiki/%D8%A7%D9%BE%DB%8C%E2%80%8C%DA%98%D9%86%D8%AA%DB%8C%DA%A9
153,https://fa.wikipedia.org/wiki/%D8%A7%D9%BE%DB%8C%D8%B3%D8%AA%D8%A7%D8%B2%DB%8C
154,https://fa.wikipedia.org/wiki/%D8%A7%D8%B3%D9%BE%D9%88%D8%B1%D8%AA_(%DA%AF%DB%8C%D8%A7%D9%87%E2%80%8C%D8%B4%D9%86%D8%A7%D8%B3%DB%8C)
155,https://fa.wikipedia.org/wiki/%D8%A7%D8%B3%D8%AA%D8%AD%DA%A9%D8%A7%D9%85_(%D9%81%D8%B1%DA%AF%D8%B4%D8%AA)
156,https://fa.wikipedia.org/wiki/%D8%A7%D8%B5%D9%84%D8%A7%D8%AD_%DA%98%D9%86%D8%AA%DB%8C%DA%A9
157,https://fa.wikipedia.org/wiki/%D8%A7%D8%B5%D9%84%D8%A7%D8%AD_%D9%86%D8%A8%D8%A7%D8%AA%D8%A7%D8%AA
158,https://fa.wikipedia.org/wiki/%D8%A7%D8%B5%D9%84%D8%A7%D8%AD_%D9%86%DA%98%D8%A7%D8%AF
159,https://fa.wikipedia.org/wiki/%D8%A7%D9%81%E2%80%8C%D8%A7%DB%8C%E2%80%8C%D8%AF%DB%8C%E2%80%8C%D8%A7%D8%B3%DB%B2
160,https://fa.wikipedia.org/wiki/%D8%A7%D9%81%D8%B2%D8%A7%DB%8C%D9%86%D8%AF%D9%87
161,https://fa.wikipedia.org/wiki/%D8%A7%DA%AF%D8%B2%D9%88%D9%86
162,https://fa.wikipedia.org/wiki/%D8%A7%D9%84%DA%A9%D8%AA%D8%B1%D9%88%D9%BE%D9%88%D8%B1%D8%A7%D8%B3%DB%8C%D9%88%D9%86
163,https://fa.wikipedia.org/wiki/%D8%A7%D9%84%DA%A9%D8%AA%D8%B1%D9%88%D9%81%D9%88%D8%B1%D8%B2
164,https://fa.wikipedia.org/wiki/%D8%A7%D9%84%D9%84
165,https://fa.wikipedia.org/wiki/%D8%A7%D9%86%D8%AA%D8%AE%D8%A7%D8%A8_%D8%AB%D8%A8%D8%A7%D8%AA%DB%8C
166,https://fa.wikipedia.org/wiki/%D8%A7%D9%86%D8%AA%D8%AE%D8%A7%D8%A8_%D8%AF%D8%B1%D9%87%D9%85_%DA%AF%D8%B3%DB%8C%D8%AE%D8%AA%D9%87
167,https://fa.wikipedia.org/wiki/%D8%A7%D9%86%D8%AA%D8%AE%D8%A7%D8%A8_%D9%87%D8%AF%D8%A7%DB%8C%D8%AA%DB%8C
168,https://fa.wikipedia.org/wiki/%D8%A7%D9%86%D8%AA%D9%82%D8%A7%D9%84_%D8%A7%D9%81%D9%82%DB%8C_%DA%98%D9%86
169,https://fa.wikipedia.org/wiki/%D8%A7%D9%86%D8%AF%D9%88%D9%86%D9%88%DA%A9%D9%84%D8%A6%D8%A7%D8%B2
170,https://fa.wikipedia.org/wiki/%D8%A7%D9%86%D8%AF%D9%88%D9%86%D9%88%DA%A9%D9%84%D8%A6%D8%A7%D8%B2%D9%87%D8%A7%DB%8C_%D9%85%D8%AD%D8%AF%D9%88%D8%AF%DA%A9%D9%86%D9%86%D8%AF%D9%87
171,https://fa.wikipedia.org/wiki/%D8%A7%D9%86%D8%B9%D8%B7%D8%A7%D9%81%E2%80%8C%D9%BE%D8%B0%DB%8C%D8%B1%DB%8C_%D9%81%D9%86%D9%88%D8%AA%DB%8C%D9%BE%DB%8C
172,https://fa.wikipedia.org/wiki/%D8%A7%D9%88%D8%B1%D8%A7%D8%B3%DB%8C%D9%84
173,https://fa.wikipedia.org/wiki/%D8%A7%D9%88%D9%84%DB%8C%DA%AF%D9%88%D9%86%D9%88%DA%A9%D9%84%D8%A6%D9%88%D8%AA%DB%8C%D8%AF
174,https://fa.wikipedia.org/wiki/%D8%A7%D9%88%D9%88%DA%98%D9%86%D8%B2
175,https://fa.wikipedia.org/wiki/%D8%A7%DB%8C%D8%AA%D8%B1%D9%88%D9%86
176,https://fa.wikipedia.org/wiki/%D8%A7%DB%8C%D9%85%D9%86%DB%8C%E2%80%8C%D8%B4%D9%86%D8%A7%D8%B3%DB%8C_%D9%85%D8%AD%D8%A7%D8%B3%D8%A8%D8%A7%D8%AA%DB%8C
177,https://fa.wikipedia.org/wiki/%D8%A7%DB%8C%D9%86%D8%AA%D8%B1%D9%88%D9%86
178,https://fa.wikipedia.org/wiki/%D8%A8%D8%A7%D8%B2%D8%A2%D8%B1%D8%A7%DB%8C%DB%8C
179,https://fa.wikipedia.org/wiki/%D8%A8%D8%A7%D8%B2%D8%B3%D8%A7%D8%B2%DB%8C_%D8%AF%DB%8C%E2%80%8C%D8%A7%D9%86%E2%80%8C%D8%A7%DB%8C
180,https://fa.wikipedia.org/wiki/%D8%A8%D8%A7%D9%84%D8%A7%D8%AF%D8%B3%D8%AA_%D9%88_%D9%BE%D8%A7%DB%8C%DB%8C%D9%86%E2%80%8C%D8%AF%D8%B3%D8%AA_(%D8%AF%DB%8C%E2%80%8C%D8%A7%D9%86%E2%80%8C%D8%A7%DB%8C)
181,https://fa.wikipedia.org/wiki/%D8%A8%D8%B1%D8%A7%D8%B2%D8%B4
182,https://fa.wikipedia.org/wiki/%D8%A8%D8%B1%D8%B1%D8%B3%DB%8C_%D9%86%D8%B3%D8%A8%D8%AA_%D9%BE%D8%AF%D8%B1%DB%8C_%D9%88_%D9%85%D8%A7%D8%AF%D8%B1%DB%8C
183,https://fa.wikipedia.org/wiki/%D8%A8%D8%B1%D9%86%D8%A7%D9%85%D9%87_%DA%98%D9%86%D8%AA%DB%8C%DA%A9%DB%8C
184,https://fa.wikipedia.org/wiki/%D8%A8%D8%B3%D8%AA%DA%AF%D8%A7%D9%86_%D8%AF%D8%B1%D8%AC%D9%87_%D8%AF%D9%88%D9%85
185,https://fa.wikipedia.org/wiki/%D8%A8%D9%84%D8%A7%D8%AA%DB%8C%D9%86%DA%AF
186,https://fa.wikipedia.org/wiki/%D8%A8%D9%84%D9%88%D8%B3%D8%A7%D9%85
187,https://fa.wikipedia.org/wiki/%D8%A8%D9%88%D9%85%E2%80%8C%D8%B4%D9%86%D8%A7%D8%B3%DB%8C_%DA%98%D9%86%D8%AA%DB%8C%DA%A9
188,https://fa.wikipedia.org/wiki/%D8%A8%D9%88%D9%85%E2%80%8C%D8%B4%D9%86%D8%A7%D8%B3%DB%8C_%D9%85%D9%88%D9%84%DA%A9%D9%88%D9%84%DB%8C
189,https://fa.wikipedia.org/wiki/%D8%A8%DB%8C%D8%A7%D9%86_%DA%98%D9%86
190,https://fa.wikipedia.org/wiki/%D9%BE%D8%A7%D9%86_%DA%98%D9%86%D9%88%D9%85
191,https://fa.wikipedia.org/wiki/%D9%BE%D8%B1%D9%88%D8%AA%D8%A6%D9%88%D9%85
192,https://fa.wikipedia.org/wiki/%D9%BE%D8%B1%D9%88%D8%AA%D8%A6%D9%88%D9%85%DB%8C%DA%A9%D8%B3
193,https://fa.wikipedia.org/wiki/%D9%BE%D8%B1%D9%88%D8%AA%D8%A6%DB%8C%D9%86
194,https://fa.wikipedia.org/wiki/%D9%BE%D8%B1%D9%88%D8%AA%D8%A6%DB%8C%D9%86_%D8%AC%D9%87%D8%B4%E2%80%8C%DB%8C%D8%A7%D9%81%D8%AA%D9%87
195,https://fa.wikipedia.org/wiki/%D9%BE%D8%B1%D9%88%D8%AA%D8%A6%DB%8C%D9%86_%D8%AF%DB%8C%E2%80%8C%D8%A7%D9%86%E2%80%8C%D8%A7%DB%8C_%D9%BE%DB%8C%D9%88%D8%B3%D8%AA
196,https://fa.wikipedia.org/wiki/%D9%BE%D8%B1%D9%88%D8%AA%DA%A9%D9%84_%D9%86%D8%A7%DA%AF%D9%88%DB%8C%D8%A7
197,https://fa.wikipedia.org/wiki/%D9%BE%D8%B1%D9%88%DA%98%D9%87_%DA%98%D9%86%D9%88%DA%AF%D8%B1%D8%A7%D9%81%DB%8C%DA%A9
198,https://fa.wikipedia.org/wiki/%D9%BE%D8%B1%D9%88%DA%98%D9%87_%DA%98%D9%86%D9%88%D9%85_%D8%A7%D9%86%D8%B3%D8%A7%D9%86
199,https://fa.wikipedia.org/wiki/%D9%BE%D8%B1%D9%88%D9%81%D8%A7%D8%B2
200,https://fa.wikipedia.org/wiki/%D9%BE%D8%B1%D9%88%D9%85%D9%88%D8%AA%D8%B1_(%DA%98%D9%86%D8%AA%DB%8C%DA%A9)
201,https://fa.wikipedia.org/wiki/%D9%BE%D8%B1%DB%8C%D9%88%D9%86
202,https://fa.wikipedia.org/wiki/%D9%BE%D8%B2%D8%B4%DA%A9%DB%8C_%D8%AF%D9%82%DB%8C%D9%82
203,https://fa.wikipedia.org/wiki/%D9%BE%D9%84%D8%A7%D8%B3%D9%85%DB%8C%D8%AF
204,https://fa.wikipedia.org/wiki/%D9%BE%D9%84%D9%88%D8%A6%DB%8C%D8%AF%DB%8C
205,https://fa.wikipedia.org/wiki/%D9%BE%D9%84%DB%8C%E2%80%8C%D9%BE%D9%84%D9%88%D8%A6%DB%8C%D8%AF
206,https://fa.wikipedia.org/wiki/%D9%BE%D9%88%D8%B1%DB%8C%D9%86
207,https://fa.wikipedia.org/wiki/%D9%BE%DB%8C%DB%B5%DB%B3
208,https://fa.wikipedia.org/wiki/%D9%BE%DB%8C%D8%B1%D8%A7%DB%8C%D8%B4_%D8%A2%D8%B1%D8%A7%D9%86%E2%80%8C%D8%A7%DB%8C
209,https://fa.wikipedia.org/wiki/%D9%BE%DB%8C%D8%B1%D8%A7%DB%8C%D8%B4_%D9%BE%D8%B1%D9%88%D8%AA%D8%A6%DB%8C%D9%86
210,https://fa.wikipedia.org/wiki/%D9%BE%DB%8C%D8%B1%D8%A7%DB%8C%D8%B4%DA%AF%D8%B1
211,https://fa.wikipedia.org/wiki/%D9%BE%DB%8C%D8%B1%DB%8C%D9%85%DB%8C%D8%AF%DB%8C%D9%86
212,https://fa.wikipedia.org/wiki/%D8%AA%D8%A7%DA%AF%E2%80%8C%D8%B3%D8%A7%D8%B2%DB%8C_%D9%85%D9%88%D9%84%DA%A9%D9%88%D9%84%DB%8C
213,https://fa.wikipedia.org/wiki/%D8%AA%D8%AA%D8%B1%D8%A7%D8%AF
214,https://fa.wikipedia.org/wiki/%D8%AA%D8%AC%D9%85%D8%B9_%D8%AE%D8%A7%D9%86%D9%88%D8%A7%D8%AF%D9%87
215,https://fa.wikipedia.org/wiki/%D8%AA%D8%AD%D9%88%DB%8C%D9%84_%DA%98%D9%86
216,https://fa.wikipedia.org/wiki/%D8%AA%D8%AE%D9%85%DA%A9_%D9%85%D8%B1%D8%AF%D8%A7%D9%86
217,https://fa.wikipedia.org/wiki/%D8%AA%D8%AE%D9%85%DB%8C%D8%AF%DA%AF%DB%8C
218,https://fa.wikipedia.org/wiki/%D8%AA%D8%B1%D8%A7%D8%B1%D8%B3%D8%A7%D9%86%DB%8C_%D9%BE%DB%8C%D8%A7%D9%85
219,https://fa.wikipedia.org/wiki/%D8%AA%D8%B1%D8%A7%D8%B1%DB%8C%D8%AE%D8%AA%D9%87
220,https://fa.wikipedia.org/wiki/%D8%AA%D8%B1%D8%A7%D8%B1%DB%8C%D8%AE%D8%AA%DB%8C
221,https://fa.wikipedia.org/wiki/%D8%AA%D8%B1%D8%AC%D9%85%D9%87_(%D8%B2%DB%8C%D8%B3%D8%AA%E2%80%8C%D8%B4%D9%86%D8%A7%D8%B3%DB%8C)
222,https://fa.wikipedia.org/wiki/%D8%AA%D8%B3%D8%AA_%D8%B9%D8%AF%D9%85_%D8%AA%D8%B9%D8%A7%D8%AF%D9%84_%D8%A7%D9%86%D8%AA%D9%82%D8%A7%D9%84%DB%8C
223,https://fa.wikipedia.org/wiki/%D8%AA%D8%B9%DB%8C%DB%8C%D9%86_%D8%AC%D9%86%D8%B3%DB%8C%D8%AA_%D8%AC%D9%86%DB%8C%D9%86
224,https://fa.wikipedia.org/wiki/%D8%AA%D8%B9%DB%8C%DB%8C%D9%86_%D8%B3%D8%A7%D8%AE%D8%AA%D8%A7%D8%B1_%DA%98%D9%86%D8%AA%DB%8C%DA%A9%DB%8C
225,https://fa.wikipedia.org/wiki/%D8%AA%D8%B9%DB%8C%DB%8C%D9%86_%D9%81%D9%86%D9%88%D8%AA%DB%8C%D9%BE_%D8%AF%DB%8C%E2%80%8C%D8%A7%D9%86%E2%80%8C%D8%A7%DB%8C
226,https://fa.wikipedia.org/wiki/%D8%AA%D8%BA%DB%8C%DB%8C%D8%B1_%DA%86%D8%A7%D8%B1%DA%86%D9%88%D8%A8_%D8%B1%DB%8C%D8%A8%D9%88%D8%B2%D9%88%D9%85%DB%8C
227,https://fa.wikipedia.org/wiki/%D8%AA%DA%A9%D8%AB%DB%8C%D8%B1_%D9%87%D9%85%E2%80%8C%D8%AF%D9%85%D8%A7%DB%8C_%D9%85%D8%AA%D8%B5%D9%84_%D8%A8%D9%87_%D8%AD%D9%84%D9%82%D9%87
228,https://fa.wikipedia.org/wiki/%D8%AA%DA%A9%E2%80%8C%DA%AF%D8%B1%D9%88%D9%87%E2%80%8C%D9%87%D8%A7%DB%8C_%D8%AF%DB%8C%E2%80%8C%D8%A7%D9%86%E2%80%8C%D8%A7%DB%8C_Y_%D8%A8%D8%B1_%D9%BE%D8%A7%DB%8C%D9%87_%DA%AF%D8%B1%D9%88%D9%87_%D9%82%D9%88%D9%85%DB%8C
229,https://fa.wikipedia.org/wiki/%D8%AA%D9%84%D8%A7%D9%82%DB%8C_%D8%A8%D8%B1%DA%AF%D8%B4%D8%AA%DB%8C
230,https://fa.wikipedia.org/wiki/%D8%AA%D9%86%D9%88%D8%B9_%D8%AA%D8%B9%D8%AF%D8%A7%D8%AF_%DA%A9%D9%BE%DB%8C
231,https://fa.wikipedia.org/wiki/%D8%AA%D9%88%D8%A7%D8%B1%D8%AB_%D8%BA%DB%8C%D8%B1%D9%85%D9%86%D8%AF%D9%84%DB%8C
232,https://fa.wikipedia.org/wiki/%D8%AA%D9%88%D8%A7%D9%84%DB%8C_%D8%A7%D8%B3%DB%8C%D8%AF_%D9%86%D9%88%DA%A9%D9%84%D8%A6%DB%8C%DA%A9
233,https://fa.wikipedia.org/wiki/%D8%AA%D9%88%D8%A7%D9%84%DB%8C%E2%80%8C%DB%8C%D8%A7%D8%A8%DB%8C
234,https://fa.wikipedia.org/wiki/%D8%AA%DB%8C%D9%85%DB%8C%D9%86
235,https://fa.wikipedia.org/wiki/%D8%AC%D8%A7%DB%8C%DA%AF%D8%A7%D9%87_%DA%A9%D8%B1%D9%88%D9%85%D9%88%D8%B2%D9%88%D9%85%DB%8C
236,https://fa.wikipedia.org/wiki/%D8%AC%D8%A8%D8%B1_%DA%98%D9%86%D8%AA%DB%8C%DA%A9%DB%8C
237,https://fa.wikipedia.org/wiki/%D8%AC%D8%AF%D8%A7%DB%8C%DB%8C_%D8%AA%D9%88%D9%84%DB%8C%D8%AF%D9%85%D8%AB%D9%84%DB%8C
238,https://fa.wikipedia.org/wiki/%D8%AC%D8%B3%D9%85_%D8%A8%D8%A7%D8%B1
239,https://fa.wikipedia.org/wiki/%D8%AC%D9%86%D8%B3_(%D8%B2%DB%8C%D8%B3%D8%AA%E2%80%8C%D8%B4%D9%86%D8%A7%D8%B3%DB%8C)
240,https://fa.wikipedia.org/wiki/%D8%AC%D9%87%D8%B4
241,https://fa.wikipedia.org/wiki/%D8%AC%D9%87%D8%B4_%D9%BE%D8%A7%DB%8C%D9%87%E2%80%8C%DA%AF%D8%B0%D8%A7%D8%B1
242,https://fa.wikipedia.org/wiki/%D8%AC%D9%87%D8%B4_%D9%BE%D8%B0%DB%8C%D8%B1%D9%81%D8%AA%D9%87_%D9%86%D9%82%D8%B7%D9%87%E2%80%8C%D8%A7%DB%8C
243,https://fa.wikipedia.org/wiki/%D8%AC%D9%87%D8%B4%E2%80%8C%D8%B2%D8%A7%DB%8C%DB%8C
244,https://fa.wikipedia.org/wiki/%DA%86%D8%B1%D8%AE%D9%87_%D9%87%D8%A7%D9%BE%D9%84%D9%88%D8%A6%DB%8C%D8%AF%DB%8C
245,https://fa.wikipedia.org/wiki/%DA%86%D9%86%D8%AF%D8%B1%DB%8C%D8%AE%D8%AA%DB%8C_(%D8%B2%DB%8C%D8%B3%D8%AA%E2%80%8C%D8%B4%D9%86%D8%A7%D8%B3%DB%8C)
246,https://fa.wikipedia.org/wiki/%DA%86%D9%86%D8%AF%D8%B1%DB%8C%D8%AE%D8%AA%DB%8C_%DA%98%D9%86
247,https://fa.wikipedia.org/wiki/%DA%86%D9%86%D8%AF%D9%86%D9%85%D9%88%D8%AF%DB%8C
248,https://fa.wikipedia.org/wiki/%DA%86%DB%8C%D8%B1%DA%AF%DB%8C_%D8%AF%D8%B1%D9%88%D8%BA%DB%8C%D9%86
249,https://fa.wikipedia.org/wiki/%D8%AD%D8%A7%D9%85%D9%84_%D8%A8%DB%8C%D9%85%D8%A7%D8%B1%DB%8C
250,https://fa.wikipedia.org/wiki/%D8%AD%D8%AF_%D9%87%D8%A7%DB%8C%D9%81%D9%84%DB%8C%DA%A9
251,https://fa.wikipedia.org/wiki/%D8%AD%D8%B0%D9%81_(%DA%98%D9%86%D8%AA%DB%8C%DA%A9)
252,https://fa.wikipedia.org/wiki/%D8%AE%D8%A7%D9%85%D9%88%D8%B4%DB%8C_%DA%98%D9%86
253,https://fa.wikipedia.org/wiki/%D8%AE%D9%88%D8%B4%D9%87_%DA%98%D9%86
254,https://fa.wikipedia.org/wiki/%D8%AF%D8%B1%D9%85%D8%A7%D8%AA%D9%88%DA%AF%D9%84%DB%8C%D9%81%DB%8C%DA%A9
255,https://fa.wikipedia.org/wiki/%D8%AF%D8%B1%D9%88%D9%86%E2%80%8C%D8%A2%D9%85%DB%8C%D8%B2%DB%8C
256,https://fa.wikipedia.org/wiki/%D8%AF%DB%8C%E2%80%8C%D8%A7%D9%86%E2%80%8C%D8%A7%DB%8C
257,https://fa.wikipedia.org/wiki/%D8%AF%DB%8C%E2%80%8C%D8%A7%D9%86%E2%80%8C%D8%A7%DB%8C_%D8%A8%DB%8C%E2%80%8C%D8%B1%D9%85%D8%B2
258,https://fa.wikipedia.org/wiki/%D8%AF%DB%8C%E2%80%8C%D8%A7%D9%86%E2%80%8C%D8%A7%DB%8C_%D8%AC%D8%AF%D8%A7%D8%B3%D8%A7%D8%B2
259,https://fa.wikipedia.org/wiki/%D8%AF%DB%8C%E2%80%8C%D8%A7%D9%86%E2%80%8C%D8%A7%DB%8C_%D9%85%DA%A9%D9%85%D9%84
260,https://fa.wikipedia.org/wiki/%D8%B0%D8%AE%D8%A7%DB%8C%D8%B1_%DA%98%D9%86%D8%AA%DB%8C%DA%A9%DB%8C
261,https://fa.wikipedia.org/wiki/%D8%B0%D8%B1%D8%A7%D8%AA_%DA%A9%D8%A7%D9%BE%D8%A7
262,https://fa.wikipedia.org/wiki/%D8%B1%D8%A7%D9%87%E2%80%8C%D8%A7%D9%86%D8%AF%D8%A7%D8%B2_(%DA%98%D9%86%D8%AA%DB%8C%DA%A9)
263,https://fa.wikipedia.org/wiki/%D8%B1%D8%A7%D9%87%E2%80%8C%D8%A7%D9%86%D8%AF%D8%A7%D8%B2_%D8%A8%D8%A7%D9%84%D8%A7%D8%AF%D8%B3%D8%AA
264,https://fa.wikipedia.org/wiki/%D8%B1%D8%AA%D8%B1%D9%88%D9%88%DB%8C%D8%B1%D9%88%D8%B3
265,https://fa.wikipedia.org/wiki/%DA%A9%D9%84%D9%88%D9%86
266,https://fa.wikipedia.org/wiki/%D8%B1%D8%AF%D9%87%E2%80%8C%D8%A8%D9%86%D8%AF%DB%8C_%D9%85%D9%88%D9%84%D8%B1
267,https://fa.wikipedia.org/wiki/%D8%B1%D8%B4%D8%AA%D9%87_%D9%BE%D8%A7%D8%AF%D8%B1%D9%85%D8%B2
268,https://fa.wikipedia.org/wiki/%D8%B1%D8%B4%D8%AA%D9%87_%D8%B3%D9%86%D8%B3
269,https://fa.wikipedia.org/wiki/%D8%B1%D9%85%D8%B2_%DA%98%D9%86%D8%AA%DB%8C%DA%A9%DB%8C
270,https://fa.wikipedia.org/wiki/%D8%B1%D9%88%D8%B4_%D8%B1%D8%A7%D9%87%E2%80%8C%D8%A7%D9%86%D8%AF%D8%A7%D8%B2-%DA%AF%D8%A7%D9%84%DB%B4
271,https://fa.wikipedia.org/wiki/%D8%B1%D9%88%D8%B4_%D9%84%DA%A9%D9%87_%D8%B4%D9%85%D8%A7%D9%84%DB%8C
272,https://fa.wikipedia.org/wiki/%D8%B1%D9%88%D8%B4_%D9%84%DA%A9%D9%87_%D8%BA%D8%B1%D8%A8%DB%8C
273,https://fa.wikipedia.org/wiki/%D8%B1%D9%88%D9%86%D9%88%DB%8C%D8%B3%DB%8C_(%DA%98%D9%86%D8%AA%DB%8C%DA%A9)
274,https://fa.wikipedia.org/wiki/%D8%B1%DB%8C%D8%A8%D9%88%D8%B2%D9%88%D9%85
275,https://fa.wikipedia.org/wiki/%D8%B1%DB%8C%D8%A8%D9%88%D8%B2%DB%8C%D9%85
276,https://fa.wikipedia.org/wiki/%D8%B1%DB%8C%D9%88%D8%A7%DB%8C%D9%88_%D8%A7%D9%86%D8%AF_%D8%B1%DB%8C%D8%B3%D8%AA%D9%88%D8%B1
277,https://fa.wikipedia.org/wiki/%D8%B2%D9%86%D8%AF%D9%87%E2%80%8C%D9%85%D8%A7%D9%86%DB%8C_%DA%98%D9%86%D8%AA%DB%8C%DA%A9%DB%8C
278,https://fa.wikipedia.org/wiki/%D8%B2%DB%8C%D8%B3%D8%AA%E2%80%8C%D8%B4%D9%86%D8%A7%D8%B3%DB%8C_%D8%B3%D9%84%D9%88%D9%84%DB%8C
279,https://fa.wikipedia.org/wiki/%DA%98%D9%86
280,https://fa.wikipedia.org/wiki/%DA%98%D9%86_%D9%BE%DB%8C%D9%88%D9%86%D8%AF%DB%8C
281,https://fa.wikipedia.org/wiki/%DA%98%D9%86_%D8%AE%D8%A7%D9%86%D9%87%E2%80%8C%D8%A8%D8%A7%D9%86
282,https://fa.wikipedia.org/wiki/%DA%98%D9%86_%D8%AE%D9%88%D8%AF%DA%A9%D8%B4%DB%8C
283,https://fa.wikipedia.org/wiki/%DA%98%D9%86_%D8%B3%D8%B1%DA%A9%D9%88%D8%A8%E2%80%8C%DA%AF%D8%B1_%D8%AA%D9%88%D9%85%D9%88%D8%B1
284,https://fa.wikipedia.org/wiki/%DA%98%D9%86_%D9%86%D8%A7%D9%85%D8%B2%D8%AF
285,https://fa.wikipedia.org/wiki/%DA%98%D9%86_%D9%86%D8%B4%D8%A7%D9%86%DA%AF%D8%B1
286,https://fa.wikipedia.org/wiki/%DA%98%D9%86%D8%AA%DB%8C%DA%A9_%D8%AC%D9%85%D8%B9%DB%8C%D8%AA
287,https://fa.wikipedia.org/wiki/%DA%98%D9%86%D8%AA%DB%8C%DA%A9_%D8%B1%D9%81%D8%AA%D8%A7%D8%B1%DB%8C
288,https://fa.wikipedia.org/wiki/%DA%98%D9%86%D8%AA%DB%8C%DA%A9_%DA%A9%D9%85%DB%8C
289,https://fa.wikipedia.org/wiki/%DA%98%D9%86%D8%AA%DB%8C%DA%A9_%D9%85%D8%B9%DA%A9%D9%88%D8%B3
290,https://fa.wikipedia.org/wiki/%DA%98%D9%86%D8%AA%DB%8C%DA%A9_%D9%85%D9%88%D9%84%DA%A9%D9%88%D9%84%DB%8C
291,https://fa.wikipedia.org/wiki/%DA%98%D9%86%D8%AA%DB%8C%DA%A9_%D9%85%DB%8C%DA%A9%D8%B1%D9%88%D8%A8%DB%8C
292,https://fa.wikipedia.org/wiki/%DA%98%D9%86%E2%80%8C%D8%B4%D9%86%D8%A7%D8%B3%DB%8C_%D8%A8%D8%A7%D9%84%DB%8C%D9%86%DB%8C
293,https://fa.wikipedia.org/wiki/%DA%98%D9%86%E2%80%8C%D8%B4%D9%86%D8%A7%D8%B3%DB%8C_%D9%BE%D8%B2%D8%B4%DA%A9%DB%8C
294,https://fa.wikipedia.org/wiki/%DA%98%D9%86%D9%88%D8%AA%DB%8C%D9%BE
295,https://fa.wikipedia.org/wiki/%DA%98%D9%86%D9%88%D8%AA%DB%8C%D9%BE%E2%80%8C%DB%8C%D8%A7%D8%A8%DB%8C_%D8%A8%D8%A7_%D8%AA%D9%88%D8%A7%D9%84%DB%8C%E2%80%8C%DB%8C%D8%A7%D8%A8%DB%8C
296,https://fa.wikipedia.org/wiki/%DA%98%D9%86%D9%88%D9%85
297,https://fa.wikipedia.org/wiki/%DA%98%D9%86%D9%88%D9%85%DB%8C%DA%A9
298,https://fa.wikipedia.org/wiki/%DA%98%D9%86%D9%88%D9%85%DB%8C%DA%A9_%D8%B9%D9%85%D9%84%DA%A9%D8%B1%D8%AF%DB%8C
299,https://fa.wikipedia.org/wiki/%DA%98%D9%86%E2%80%8C%D9%87%D8%A7%DB%8C_%D9%BE%DB%8C%D9%88%D8%B3%D8%AA%D9%87
300,https://fa.wikipedia.org/wiki/%DA%98%D9%86%E2%80%8C%D9%87%D8%A7%DB%8C_%D9%86%D8%A7%D9%BE%DB%8C%D9%88%D8%B3%D8%AA%D9%87
301,https://fa.wikipedia.org/wiki/%D8%B3%D8%A7%D8%A8_%DA%A9%D9%84%D9%88%D9%86%DB%8C%D9%86%DA%AF
302,https://fa.wikipedia.org/wiki/%D8%B3%D8%A7%D8%B2%D9%87_%D9%BE%DB%8C
303,https://fa.wikipedia.org/wiki/%D8%B3%D8%A7%D9%85%D8%A7%D9%86%D8%AF%D9%87%D9%86%D8%AF%D9%87_%D9%87%D9%85%D8%B3%D9%88
304,https://fa.wikipedia.org/wiki/%D8%B3%D8%A7%D9%85%D8%A7%D9%86%D8%AF%D9%87%DB%8C_%D9%86%D8%A7%D9%87%D9%85%D8%B3%D9%88
305,https://fa.wikipedia.org/wiki/%D8%B3%D8%A7%D9%86%D8%AA%DB%8C_%D9%85%D9%88%D8%B1%DA%AF%D8%A7%D9%86
306,https://fa.wikipedia.org/wiki/%D8%B3%D8%B1%D8%B7%D8%A7%D9%86%E2%80%8C%D8%B2%D8%A7%DB%8C%DB%8C
307,https://fa.wikipedia.org/wiki/%D8%B3%D8%B1%DA%A9%D9%88%D8%A8_%DA%98%D9%86
308,https://fa.wikipedia.org/wiki/%D8%B3%D9%84%D9%88%D9%84_%D8%AF%D8%B1%D9%85%D8%A7%D9%86%DB%8C
309,https://fa.wikipedia.org/wiki/%D8%B3%D9%84%D9%88%D9%84_%D8%B3%D9%88%D9%85%D8%A7%D8%AA%DB%8C%DA%A9
310,https://fa.wikipedia.org/wiki/%D8%B3%D9%85%D8%AA_%D9%88_%D8%B3%D9%88
311,https://fa.wikipedia.org/wiki/%D8%B3%D9%86%D8%AF%D8%B1%D9%85_%D8%A7%D8%B3%D9%86%D8%A7%DB%8C%D8%AF%D8%B1_%D8%A8%D9%84%D9%88%DA%A9-%DA%A9%D8%A7%D9%85%D9%BE%D8%A6%D9%88
312,https://fa.wikipedia.org/wiki/%D8%B3%D9%88%D9%86%D9%88%DA%AF%D8%B1%D8%A7%D9%81%DB%8C_%D8%A2%D9%86%D9%88%D9%85%D8%A7%D9%84%DB%8C
313,https://fa.wikipedia.org/wiki/%D8%B3%D9%88%D9%86%D9%88%DA%AF%D8%B1%D8%A7%D9%81%DB%8C_%D8%A7%D9%86_%D8%AA%DB%8C
314,https://fa.wikipedia.org/wiki/%D8%B3%DB%8C%D8%AA%D9%88%D8%B2%DB%8C%D9%86
315,https://fa.wikipedia.org/wiki/%D8%B3%DB%8C%D8%AA%D9%88%DA%98%D9%86%D8%AA%DB%8C%DA%A9
316,https://fa.wikipedia.org/wiki/%D8%B4%D8%A7%D8%B1%D8%B4_%DA%98%D9%86
317,https://fa.wikipedia.org/wiki/%D8%B4%D8%A8%DA%A9%D9%87_%D8%AA%D8%A8%D8%A7%D8%B1%D8%B2%D8%A7%DB%8C%DB%8C
318,https://fa.wikipedia.org/wiki/%D8%B4%D8%A8%D9%87%E2%80%8C%DA%98%D9%86
319,https://fa.wikipedia.org/wiki/%D8%B4%D8%A8%D9%87%E2%80%8C%DA%AF%D8%B1%D9%87
320,https://fa.wikipedia.org/wiki/%D8%B4%D8%A8%DB%8C%D9%87%E2%80%8C%D8%B3%D8%A7%D8%B2%DB%8C_%D8%A7%D9%86%D8%B3%D8%A7%D9%86
321,https://fa.wikipedia.org/wiki/%D8%B9%D9%86%D8%A7%D8%B5%D8%B1_%D9%85%D8%AA%D8%AD%D8%B1%DA%A9_%DA%98%D9%86%D8%AA%DB%8C%DA%A9%DB%8C
322,https://fa.wikipedia.org/wiki/%D8%BA%DB%8C%D8%B1%D9%81%D8%B9%D8%A7%D9%84%E2%80%8C%D8%B3%D8%A7%D8%B2%DB%8C_%DA%A9%D8%B1%D9%88%D9%85%D9%88%D8%B2%D9%88%D9%85_%D8%A7%DB%8C%DA%A9%D8%B3
323,https://fa.wikipedia.org/wiki/%D9%81%D8%A7%D8%B1%D9%85%D8%A7%DA%A9%D9%88%DA%98%D9%86%D9%88%D9%85%DB%8C%DA%A9
324,https://fa.wikipedia.org/wiki/%D9%81%D8%B1%D8%A7%D9%88%D8%A7%D9%86%DB%8C_%DA%98%D9%86%D8%AA%DB%8C%DA%A9%DB%8C
325,https://fa.wikipedia.org/wiki/%D9%81%D9%86%D9%88%D8%AA%DB%8C%D9%BE
326,https://fa.wikipedia.org/wiki/%D9%81%D9%86%D9%88%DA%A9%D9%BE%DB%8C
327,https://fa.wikipedia.org/wiki/%D9%81%D9%86%DB%8C%D9%84%E2%80%8C%D8%AA%DB%8C%D9%88%DA%A9%D8%B1%D8%A8%D8%A7%D9%85%DB%8C%D8%AF
328,https://fa.wikipedia.org/wiki/%D9%82%D9%88%D8%A7%D9%86%DB%8C%D9%86_%D9%85%D9%86%D8%AF%D9%84
329,https://fa.wikipedia.org/wiki/%DA%A9%D8%A7%D9%88%D8%B4%DA%AF%D8%B1_%D9%BE%DB%8C%D9%88%D9%86%D8%AF%DB%8C
330,https://fa.wikipedia.org/wiki/%DA%A9%D8%B1%D8%A7%D8%B3%DB%8C%D9%86%DA%AF%E2%80%8C%D8%A7%D9%88%D8%B1
331,https://fa.wikipedia.org/wiki/%D9%81%D8%B1%D8%A7%D9%86%D8%B3%DB%8C%D8%B3_%DA%A9%D8%B1%DB%8C%DA%A9
332,https://fa.wikipedia.org/wiki/%DA%A9%D9%84%D8%A7%D9%87%DA%A9%E2%80%8C%DA%AF%D8%B0%D8%A7%D8%B1%DB%8C_%27%DB%B5
333,https://fa.wikipedia.org/wiki/%DA%A9%DB%8C%D8%A7%D8%B3%D9%85%D8%A7_(%DA%98%D9%86%D8%AA%DB%8C%DA%A9)
334,https://fa.wikipedia.org/wiki/%DA%A9%DB%8C%D9%85%D8%A7%D8%B1%D8%A7_(%DA%98%D9%86%D8%AA%DB%8C%DA%A9)
335,https://fa.wikipedia.org/wiki/%DA%AF%D8%A7%D9%85%D8%AA
336,https://fa.wikipedia.org/wiki/%DA%AF%D8%B1%D8%A7%DB%8C%D8%B4_%D8%AC%D9%86%D8%B3%DB%8C_%D9%88_%D8%B2%DB%8C%D8%B3%D8%AA%E2%80%8C%D8%B4%D9%86%D8%A7%D8%B3%DB%8C
337,https://fa.wikipedia.org/wiki/%DA%AF%D8%B1%D8%A7%DB%8C%D8%B4_%D8%AC%D9%86%D8%B3%DB%8C_%D9%88_%D8%B2%DB%8C%D8%B3%D8%AA%E2%80%8C%D8%B4%D9%86%D8%A7%D8%B3%DB%8C
338,https://fa.wikipedia.org/wiki/%DA%AF%D8%B1%D9%88%D9%87_%D8%AE%D9%88%D9%86%DB%8C
339,https://fa.wikipedia.org/wiki/%DA%AF%D8%B2%DB%8C%D9%86%D8%B4_%D8%A8%D8%A7_%DA%A9%D9%85%DA%A9_%D9%86%D8%B4%D8%A7%D9%86%DA%AF%D8%B1
340,https://fa.wikipedia.org/wiki/%DA%AF%D9%84%D9%88%DA%AF%D8%A7%D9%87_%D8%AC%D9%85%D8%B9%DB%8C%D8%AA
341,https://fa.wikipedia.org/wiki/%DA%AF%D9%88%D8%A7%D9%86%DB%8C%D9%86
342,https://fa.wikipedia.org/wiki/%DA%AF%D9%88%D9%86%D8%A7%DA%AF%D9%88%D9%86%DB%8C_%D8%B6%D8%AF%D8%B4%DB%8C%D8%A8_%D9%85%D8%AD%DB%8C%D8%B7%DB%8C
343,https://fa.wikipedia.org/wiki/%DA%AF%D9%88%D9%86%D9%87%E2%80%8C%D8%B2%D8%A7%DB%8C%DB%8C_%D8%AF%D9%88%D8%B1%DA%AF%D9%87
344,https://fa.wikipedia.org/wiki/%DA%AF%DB%8C%D8%A7%D9%87%D8%A7%D9%86_%D8%AA%D8%B1%D8%A7%D8%B1%DB%8C%D8%AE%D8%AA%D9%87
345,https://fa.wikipedia.org/wiki/%D9%85%D8%A7%D9%87%D9%88%D8%A7%D8%B1%DA%A9
346,https://fa.wikipedia.org/wiki/%D9%85%D8%A7%DB%8C%DA%A9%D8%B1%D9%88%D8%A7%DB%8C%D9%86%D8%AC%DA%A9%D8%B4%D9%86
347,https://fa.wikipedia.org/wiki/%D9%85%D8%A4%D8%B3%D8%B3%D9%87_%D9%85%D9%84%DB%8C_%D8%AA%D8%AD%D9%82%DB%8C%D9%82%D8%A7%D8%AA_%DA%98%D9%86%D9%88%D9%85_%D8%A7%D9%86%D8%B3%D8%A7%D9%86
348,https://fa.wikipedia.org/wiki/%D9%85%D8%AA%D8%A7%D8%B3%D8%AA%D8%A7%D8%B2
349,https://fa.wikipedia.org/wiki/%D9%85%D8%B4%D8%A7%D9%88%D8%B1%D9%87_%DA%98%D9%86%D8%AA%DB%8C%DA%A9
350,https://fa.wikipedia.org/wiki/%D9%85%D8%B7%D8%A7%D9%84%D8%B9%D9%87_%D9%87%D9%85%D8%A8%D8%A7%D8%B4%DB%8C_%D8%B3%D8%B1%D8%A7%D8%B3%D8%B1%DA%98%D9%86%D9%88%D9%85
351,https://fa.wikipedia.org/wiki/%D9%85%D9%88%D8%B2%D8%A7%DB%8C%DB%8C%DA%A9_(%DA%98%D9%86%D8%AA%DB%8C%DA%A9)
352,https://fa.wikipedia.org/wiki/%D9%85%DB%8C%DA%A9%D8%B1%D9%88%D8%B3%D8%AA%D9%84%D8%A7%DB%8C%D8%AA
353,https://fa.wikipedia.org/wiki/%D9%85%DB%8C%D9%85%D8%AA%DB%8C%DA%A9
354,https://fa.wikipedia.org/wiki/%D9%86%D8%A7%D8%B2%D8%A7%DB%8C%DB%8C
355,https://fa.wikipedia.org/wiki/%D9%86%D8%A7%D9%85%DB%8C%D8%AE%D8%AA%DA%AF%DB%8C
356,https://fa.wikipedia.org/wiki/%D9%86%D8%B3%D9%84%E2%80%8C%D8%B4%D9%86%D8%A7%D8%B3
357,https://fa.wikipedia.org/wiki/%D9%86%D8%B4%D8%A7%D9%86%DA%AF%D8%A7%D9%86_%D8%B3%D8%B1%D8%B7%D8%A7%D9%86
358,https://fa.wikipedia.org/wiki/%D9%86%D8%B4%D8%A7%D9%86%DA%AF%D8%B1_%DA%98%D9%86%D8%AA%DB%8C%DA%A9%DB%8C
359,https://fa.wikipedia.org/wiki/%D9%86%D8%B4%D8%A7%D9%86%DA%AF%D8%B1_%D9%85%D9%88%D9%84%DA%A9%D9%88%D9%84%DB%8C
360,https://fa.wikipedia.org/wiki/%D9%86%D9%82%D8%B4%D9%87_%DA%98%D9%86
361,https://fa.wikipedia.org/wiki/%D9%86%DA%AF%D8%A7%D8%B4%D8%AA_%DA%98%D9%86
362,https://fa.wikipedia.org/wiki/%D9%86%D9%88%D8%A7%D8%AD%DB%8C_%D8%AA%D8%B1%D8%AC%D9%85%D9%87_%D9%86%D8%B4%D8%AF%D9%87
363,https://fa.wikipedia.org/wiki/%D9%86%D9%88%D8%B1%D9%88%DA%98%D9%86%D8%AA%DB%8C%DA%A9
364,https://fa.wikipedia.org/wiki/%D9%86%D9%88%DA%A9%D9%84%D8%A6%D9%88%D8%B2%D9%88%D9%85
365,https://fa.wikipedia.org/wiki/%D9%86%D9%88%DA%A9%D9%84%D8%A6%D9%88%D8%B2%DB%8C%D8%AF
366,https://fa.wikipedia.org/wiki/%D9%86%D9%88%DA%A9%D9%84%D8%A6%DB%8C%DA%A9_%D8%A7%D8%B3%DB%8C%D8%AF
367,https://fa.wikipedia.org/wiki/%D9%86%DB%8C%D8%A7%D8%B3%D8%A7%D9%86%DB%8C
368,https://fa.wikipedia.org/wiki/%D9%88%D8%A7%D8%B1%DB%8C%D8%A7%D9%86%D8%AA_(%D8%B2%DB%8C%D8%B3%D8%AA%E2%80%8C%D8%B4%D9%86%D8%A7%D8%B3%DB%8C)
369,https://fa.wikipedia.org/wiki/%D9%88%D8%A7%DA%A9%D9%86%D8%B4_%D8%B2%D9%86%D8%AC%DB%8C%D8%B1%D9%87%E2%80%8C%D8%A7%DB%8C_%D9%BE%D9%84%DB%8C%D9%85%D8%B1%D8%A7%D8%B2
370,https://fa.wikipedia.org/wiki/%D9%88%D8%A7%DA%A9%D9%86%D8%B4_%D8%B2%D9%86%D8%AC%DB%8C%D8%B1%D9%87%E2%80%8C%D8%A7%DB%8C_%D9%BE%D9%84%DB%8C%D9%85%D8%B1%D8%A7%D8%B2_%D8%A8%DB%8C%E2%80%8C%D8%AF%D8%B1%D9%86%DA%AF
371,https://fa.wikipedia.org/wiki/%D9%88%D8%A7%DA%A9%D9%86%D8%B4_%D8%B2%D9%86%D8%AC%DB%8C%D8%B1%D9%87%E2%80%8C%D8%A7%DB%8C_%D9%BE%D9%84%DB%8C%D9%85%D8%B1%D8%A7%D8%B2_%D8%B1%D9%88%D9%86%D9%88%DB%8C%D8%B3%DB%8C_%D9%85%D8%B9%DA%A9%D9%88%D8%B3
372,https://fa.wikipedia.org/wiki/%D9%88%D8%B1%D8%A7%D8%AB%D8%AA
373,https://fa.wikipedia.org/wiki/%D9%88%D8%B1%D8%A7%D8%AB%D8%AA_%D9%88%D8%A7%D8%A8%D8%B3%D8%AA%D9%87_%D8%A8%D9%87_X_%D9%85%D8%BA%D9%84%D9%88%D8%A8
374,https://fa.wikipedia.org/wiki/%D9%88%D8%B1%D8%A7%D8%AB%D8%AA_%D9%88%D8%A7%D8%A8%D8%B3%D8%AA%D9%87_%D8%A8%D9%87_Y
375,https://fa.wikipedia.org/wiki/%D9%88%DA%A9%D8%AA%D9%88%D8%B1_(%D8%B2%DB%8C%D8%B3%D8%AA%E2%80%8C%D8%B4%D9%86%D8%A7%D8%B3%DB%8C_%D9%85%D9%88%D9%84%DA%A9%D9%88%D9%84%DB%8C)
376,https://fa.wikipedia.org/wiki/%D9%88%DB%8C%D8%B1%D8%A7%DB%8C%D8%B4_%D9%BE%D8%B3%D8%A7%D8%B1%D9%88%D9%86%D9%88%DB%8C%D8%B3%DB%8C
377,https://fa.wikipedia.org/wiki/%D9%87%D8%AA%D8%B1%D9%88%D8%B2%DB%8C%D8%B3
378,https://fa.wikipedia.org/wiki/%D9%87%D9%85%D8%A7%D9%86%D9%86%D8%AF%D8%B3%D8%A7%D8%B2%DB%8C_%D8%AF%DB%8C%E2%80%8C%D8%A7%D9%86%E2%80%8C%D8%A7%DB%8C
379,https://fa.wikipedia.org/wiki/%D9%87%D9%85%D8%AA%D8%A7%D8%B3%D8%A7%D8%B2%DB%8C_%D9%85%D9%88%D9%84%DA%A9%D9%88%D9%84%DB%8C
380,https://fa.wikipedia.org/wiki/%D9%87%D9%85%E2%80%8C%DA%98%D9%86%DB%8C
381,https://fa.wikipedia.org/wiki/%D9%87%D9%85%E2%80%8C%D8%B3%D8%A7%D8%AE%D8%AA%E2%80%8C%D8%B4%D9%86%D8%A7%D8%B3%DB%8C
382,https://fa.wikipedia.org/wiki/%D9%87%DB%8C%D8%B3%D8%AA%D9%88%D9%86
383,https://fa.wikipedia.org/wiki/LZTFL1
384,https://fa.wikipedia.org/wiki/%D8%B2%DB%8C%D8%B3%D8%AA%E2%80%8C%D8%B4%D9%86%D8%A7%D8%B3%DB%8C_%D9%85%D9%88%D9%84%DA%A9%D9%88%D9%84%DB%8C
385,https://fa.wikipedia.org/wiki/%D8%A2%D8%B1%D8%A7%D9%86%E2%80%8C%D8%A7%DB%8C
386,https://fa.wikipedia.org/wiki/%D8%A2%D8%B1%D8%A7%D9%86%E2%80%8C%D8%A7%DB%8C_%DA%A9%D9%88%DA%86%DA%A9_%D9%85%D8%AF%D8%A7%D8%AE%D9%84%D9%87%E2%80%8C%DA%AF%D8%B1
387,https://fa.wikipedia.org/wiki/%D8%A2%D8%B2%D9%85%D8%A7%DB%8C%D8%B4_%D8%AC%D8%B1%DB%8C%D8%A7%D9%86_%D8%AC%D8%A7%D9%86%D8%A8%DB%8C
388,https://fa.wikipedia.org/wiki/%D8%A2%D8%B2%D9%85%D8%A7%DB%8C%D8%B4%DA%AF%D8%A7%D9%87_%D8%B1%D9%88%DB%8C_%D8%AA%D8%B1%D8%A7%D8%B4%D9%87
389,https://fa.wikipedia.org/wiki/%D8%A2%D8%B3%DB%8C%D8%A8_%D8%AF%DB%8C%E2%80%8C%D8%A7%D9%86%E2%80%8C%D8%A7%DB%8C
390,https://fa.wikipedia.org/wiki/%D8%A2%D9%84%D9%81%D8%A7_%DA%AF%D9%84%D9%88%D8%A8%D9%88%D9%84%DB%8C%D9%86
391,https://fa.wikipedia.org/wiki/%D8%A2%D9%84%D9%81%D8%A7-%DB%B1-%D8%A7%D8%B3%DB%8C%D8%AF_%DA%AF%D9%84%DB%8C%DA%A9%D9%88%D9%BE%D8%B1%D9%88%D8%AA%D8%A6%DB%8C%D9%86
392,https://fa.wikipedia.org/wiki/%D8%A2%D9%84%D9%88%D8%A2%D9%86%D8%B2%DB%8C%D9%85
393,https://fa.wikipedia.org/wiki/%D8%A2%D9%86%D8%B2%DB%8C%D9%85_%D8%A7%DB%8C_%DA%A9%D9%88_%D8%A2%D8%B1_%DB%B1
394,https://fa.wikipedia.org/wiki/%D8%A2%D9%86%D8%B2%DB%8C%D9%85_%D8%B1%D9%88%D9%86%D9%88%D8%B4%D8%AA%E2%80%8C%D8%A8%D8%B1%D8%AF%D8%A7%D8%B1_%D9%85%D8%B9%DA%A9%D9%88%D8%B3
395,https://fa.wikipedia.org/wiki/%D8%A2%D9%86%D8%B2%DB%8C%D9%85%E2%80%8C%D9%87%D8%A7%DB%8C_%D9%87%D9%85%D8%A7%D9%86%D9%86%D8%AF%D8%B3%D8%A7%D8%B2%DB%8C
396,https://fa.wikipedia.org/wiki/%D8%A7%D8%A8%D8%B1%D9%85%D8%A7%D8%B1%D9%BE%DB%8C%DA%86
397,https://fa.wikipedia.org/wiki/%D8%A7%D9%BE%DB%8C%E2%80%8C%DA%98%D9%86%D8%AA%DB%8C%DA%A9
398,https://fa.wikipedia.org/wiki/%D8%A7%D9%BE%DB%8C%D8%B3%D8%AA%D8%A7%D8%B2%DB%8C
399,https://fa.wikipedia.org/wiki/%D8%A7%D8%B3%E2%80%8C%D8%A7%D9%86%E2%80%8C%D8%A2%D8%B1%D8%A7%D9%86%E2%80%8C%D9%BE%DB%8C
400,https://fa.wikipedia.org/wiki/%D8%A7%D8%B3%D8%AA%D8%AE%D8%B1%D8%A7%D8%AC_%D8%AF%DB%8C%E2%80%8C%D8%A7%D9%86%E2%80%8C%D8%A7%DB%8C
401,https://fa.wikipedia.org/wiki/%D8%A7%D8%B5%D9%84%D8%A7%D8%AD_%D9%BE%D8%B3_%D8%A7%D8%B2_%D8%B1%D9%88%D9%86%D9%88%DB%8C%D8%B3%DB%8C
402,https://fa.wikipedia.org/wiki/%D8%A7%D8%B5%D9%84%D8%A7%D8%AD_%D9%86%D8%A8%D8%A7%D8%AA%D8%A7%D8%AA
403,https://fa.wikipedia.org/wiki/%D8%A7%D9%81%D8%B2%D8%A7%DB%8C%D9%86%D8%AF%D9%87
404,https://fa.wikipedia.org/wiki/%D8%A7%DA%AF%D8%B2%D9%88%D9%86
405,https://fa.wikipedia.org/wiki/%D8%A7%D9%84%DA%A9%D8%AA%D8%B1%D9%88%D9%BE%D9%88%D8%B1%D8%A7%D8%B3%DB%8C%D9%88%D9%86
406,https://fa.wikipedia.org/wiki/%D8%A7%D9%84%DA%A9%D8%AA%D8%B1%D9%88%D9%81%D9%88%D8%B1%D8%B2_%DA%98%D9%84
407,https://fa.wikipedia.org/wiki/%D8%A7%D9%84%DA%A9%D8%AA%D8%B1%D9%88%D9%81%D9%88%D8%B1%D8%B2_%DA%98%D9%84_%D8%A2%DA%AF%D8%A7%D8%B1%D8%B2
408,https://fa.wikipedia.org/wiki/%D8%A7%D9%84%DA%A9%D8%AA%D8%B1%D9%88%D9%81%D9%88%D8%B1%D8%B2_%DA%98%D9%84_%D9%BE%D9%84%DB%8C_%D8%A2%DA%A9%D8%B1%DB%8C%D9%84_%D8%A2%D9%85%DB%8C%D8%AF
409,https://fa.wikipedia.org/wiki/%D8%A7%D9%84%DA%A9%D8%AA%D8%B1%D9%88%DA%A9%D8%B1%D9%88%D9%85%D8%A7%D8%AA%D9%88%DA%AF%D8%B1%D8%A7%D9%81%DB%8C
410,https://fa.wikipedia.org/wiki/%D8%A7%D9%84%D9%84
411,https://fa.wikipedia.org/wiki/%D8%A7%D9%85%D9%BE%D9%84%DB%8C%DA%A9%D9%88%D9%86
412,https://fa.wikipedia.org/wiki/%D8%A7%D9%85%D8%AA%D8%B2%D8%A7%D8%AC_%D8%B3%D9%88%D9%85%D8%A7%D8%AA%DB%8C%DA%A9%DB%8C
413,https://fa.wikipedia.org/wiki/%D8%A7%D9%85%D8%B1%DB%8C%D9%86
414,https://fa.wikipedia.org/wiki/%D8%A7%D9%86%D8%A8%D8%B1%DA%A9_%D9%86%D9%88%D8%B1%DB%8C
415,https://fa.wikipedia.org/wiki/%D8%A7%D9%86%D8%AF%D9%88%D9%86%D9%88%DA%A9%D9%84%D8%A6%D8%A7%D8%B2%D9%87%D8%A7%DB%8C_%D9%85%D8%AD%D8%AF%D9%88%D8%AF%DA%A9%D9%86%D9%86%D8%AF%D9%87
416,https://fa.wikipedia.org/wiki/%D8%A7%DB%8C%D8%AA%D8%B1%D9%88%D9%86
417,https://fa.wikipedia.org/wiki/%D8%A7%DB%8C%D8%AF%D8%A6%D9%88%D8%AA%DB%8C%D9%BE
418,https://fa.wikipedia.org/wiki/%D8%A7%DB%8C%D8%B2%D9%88%D9%BE%D8%B1%D9%88%D9%BE%DB%8C%D9%84_%D8%A8%D8%AA%D8%A7-%D8%AF%DB%8C-%DB%B1-%D8%AA%DB%8C%D9%88%DA%AF%D8%A7%D9%84%D8%A7%DA%A9%D8%AA%D9%88%D9%BE%DB%8C%D8%B1%D8%A7%D9%86%D9%88%D8%B2%DB%8C%D8%AF
419,https://fa.wikipedia.org/wiki/%D8%A7%DB%8C%D9%86%D8%AA%D8%B1%D8%A7%D8%B3%D8%AA%D8%B1%DB%8C%D9%81%DB%8C%DA%A9%D8%A7%D8%B3%DB%8C%D9%88%D9%86_%D9%88_%D8%A7%DB%8C%D9%86%D8%AA%D8%B1%D8%A7_%D8%A7%D8%B3%D8%AA%D8%B1%DB%8C%D9%81%DB%8C%DA%A9%D8%A7%D8%B3%DB%8C%D9%88%D9%86
420,https://fa.wikipedia.org/wiki/%D8%A7%DB%8C%D9%86%D8%AA%D8%B1%DA%A9%D8%AA%D9%88%D9%85
421,https://fa.wikipedia.org/wiki/%D8%A7%DB%8C%D9%86%D8%AA%D8%B1%D9%88%D9%86
422,https://fa.wikipedia.org/wiki/%D8%A7%DB%8C%D9%86%D8%AA%DB%8C%D9%86
423,https://fa.wikipedia.org/wiki/%D8%A8%D8%A7%D9%84%D8%A7%D8%AF%D8%B3%D8%AA_%D9%88_%D9%BE%D8%A7%DB%8C%DB%8C%D9%86%E2%80%8C%D8%AF%D8%B3%D8%AA_(%D8%AF%DB%8C%E2%80%8C%D8%A7%D9%86%E2%80%8C%D8%A7%DB%8C)
424,https://fa.wikipedia.org/wiki/%D8%A8%D9%84%D8%A7%D8%AA%DB%8C%D9%86%DA%AF
425,https://fa.wikipedia.org/wiki/%D8%A8%D9%88%D9%85%E2%80%8C%D8%B4%D9%86%D8%A7%D8%B3%DB%8C_%D9%85%D9%88%D9%84%DA%A9%D9%88%D9%84%DB%8C
426,https://fa.wikipedia.org/wiki/%D8%A8%DB%8C%D8%A7%D9%86_%DA%98%D9%86
427,https://fa.wikipedia.org/wiki/%D8%A8%DB%8C%D8%A7%D9%86_%DA%98%D9%86_%D8%AA%D8%AC%D8%B2%DB%8C%D9%87_%DA%A9%D9%BE
428,https://fa.wikipedia.org/wiki/%D8%A8%DB%8C%D9%85%D8%A7%D8%B1%DB%8C_%D9%85%DB%8C%D8%AA%D9%88%DA%A9%D9%86%D8%AF%D8%B1%DB%8C%D8%A7%DB%8C%DB%8C
429,https://fa.wikipedia.org/wiki/%D8%A8%DB%8C%D9%88%D8%B4%DB%8C%D9%85%DB%8C
430,https://fa.wikipedia.org/wiki/%D9%BE%D8%A7%D8%B1%DB%8C%D8%AA%D8%A7%D9%BE%D8%B1%D9%88%DB%8C%D8%B1
431,https://fa.wikipedia.org/wiki/%D9%BE%D8%B1%D8%A7%DB%8C%D9%85%D8%B1_(%D8%B2%DB%8C%D8%B3%D8%AA%E2%80%8C%D8%B4%D9%86%D8%A7%D8%B3%DB%8C_%D9%85%D9%88%D9%84%DA%A9%D9%88%D9%84%DB%8C)
432,https://fa.wikipedia.org/wiki/%D9%BE%D8%B1%D8%A7%DB%8C%D9%85%D8%B1_%D9%88%D8%A7%DA%A9%DB%8C%D9%86%DA%AF
433,https://fa.wikipedia.org/wiki/%D9%BE%D8%B1%D9%88%D8%AA%D8%A6%DB%8C%D9%86
434,https://fa.wikipedia.org/wiki/%D9%BE%D8%B1%D9%88%D8%AA%D8%A6%DB%8C%D9%86_%D8%AF%DB%8C%E2%80%8C%D8%A7%D9%86%E2%80%8C%D8%A7%DB%8C_%D9%BE%DB%8C%D9%88%D8%B3%D8%AA
435,https://fa.wikipedia.org/wiki/%D9%BE%D8%B1%D9%88%D8%AA%D8%A6%DB%8C%D9%86_%DA%AF%DB%8C%D8%B1%D9%86%D8%AF%D9%87_%D9%86%D9%88%D8%B1
436,https://fa.wikipedia.org/wiki/%D9%BE%D8%B1%D9%88%D8%AA%D8%A6%DB%8C%D9%86%E2%80%8C%D9%87%D8%A7%DB%8C_%D8%B3%D8%A7%D8%AE%D8%AA%D8%A7%D8%B1%DB%8C
437,https://fa.wikipedia.org/wiki/%D9%BE%D8%B1%D9%88%D8%AA%D8%A6%DB%8C%D9%86%E2%80%8C%D9%87%D8%A7%DB%8C_%DA%A9%D8%B1%D9%88%DB%8C
438,https://fa.wikipedia.org/wiki/%D9%BE%D8%B1%D9%88%D9%81%D8%A7%D8%B2
439,https://fa.wikipedia.org/wiki/%D9%BE%D8%B1%D9%88%D9%85%D8%AA%D8%A7%D9%81%D8%A7%D8%B2
440,https://fa.wikipedia.org/wiki/%D9%BE%D8%B1%D9%88%D9%85%D9%88%D8%AA%D8%B1_(%DA%98%D9%86%D8%AA%DB%8C%DA%A9)
441,https://fa.wikipedia.org/wiki/%D9%BE%D8%B2%D8%B4%DA%A9%DB%8C_%D9%85%D9%88%D9%84%DA%A9%D9%88%D9%84%DB%8C
442,https://fa.wikipedia.org/wiki/%D9%BE%D9%84%D8%A7%D8%B3%D9%85%DB%8C%D8%AF
443,https://fa.wikipedia.org/wiki/%D9%BE%D9%84%DB%8C%E2%80%8C%D8%B3%D8%A7%DA%A9%D8%A7%D8%B1%DB%8C%D8%AF_%DA%A9%DB%8C
444,https://fa.wikipedia.org/wiki/%D9%BE%D9%88%D8%B1%DB%8C%D9%86
445,https://fa.wikipedia.org/wiki/%D9%BE%DB%8C%D8%B1%D8%A7%DB%8C%D8%B4_%D8%A2%D8%B1%D8%A7%D9%86%E2%80%8C%D8%A7%DB%8C
446,https://fa.wikipedia.org/wiki/%D9%BE%DB%8C%D8%B1%D8%A7%DB%8C%D8%B4_%D9%BE%D8%B1%D9%88%D8%AA%D8%A6%DB%8C%D9%86
447,https://fa.wikipedia.org/wiki/%D9%BE%DB%8C%D8%B1%D8%A7%DB%8C%D8%B4%DA%AF%D8%B1
448,https://fa.wikipedia.org/wiki/%D9%BE%DB%8C%D8%B1%D9%88%D9%81%D8%B3%D9%81%D8%A7%D8%AA
449,https://fa.wikipedia.org/wiki/%D9%BE%DB%8C%D8%B1%DB%8C%D9%85%DB%8C%D8%AF%DB%8C%D9%86
450,https://fa.wikipedia.org/wiki/%D9%BE%DB%8C%D9%88%D8%B3%D8%AA%DA%AF%DB%8C_%DA%98%D9%86%D8%AA%DB%8C%DA%A9%DB%8C
451,https://fa.wikipedia.org/wiki/%D9%BE%DB%8C%D9%88%D9%86%D8%AF_%D9%81%D8%B3%D9%81%D9%88%D8%AF%DB%8C%E2%80%8C%D8%A7%D8%B3%D8%AA%D8%B1
452,https://fa.wikipedia.org/wiki/%D8%AA%D8%A7%DA%86%E2%80%8C%D8%AF%D8%A7%D9%88%D9%86_%D9%BE%DB%8C%E2%80%8C%D8%B3%DB%8C%E2%80%8C%D8%A2%D8%B1
453,https://fa.wikipedia.org/wiki/%D8%AA%D8%AE%D9%85%DB%8C%D8%AF%DA%AF%DB%8C
454,https://fa.wikipedia.org/wiki/%D8%AA%D8%B1%D8%A7%D8%B1%D8%B3%D8%A7%D9%86%DB%8C_(%DA%98%D9%86%D8%AA%DB%8C%DA%A9)
455,https://fa.wikipedia.org/wiki/%D8%AA%D8%B1%D8%A7%D8%B1%D8%B3%D8%A7%D9%86%DB%8C_%D9%BE%DB%8C%D8%A7%D9%85
456,https://fa.wikipedia.org/wiki/%D8%AA%D8%B1%D8%A7%D8%B1%DB%8C%D8%AE%D8%AA%D9%87
457,https://fa.wikipedia.org/wiki/%D8%AA%D8%B1%D8%A7%D8%B1%DB%8C%D8%AE%D8%AA%DB%8C
458,https://fa.wikipedia.org/wiki/%D8%AA%D8%B1%D8%A7%D9%81%D8%B1%D8%B3%D8%AA
459,https://fa.wikipedia.org/wiki/%D8%AA%D8%B1%D8%A7%D9%86%D8%B3_%D8%A7%DA%A9%D8%AA%DB%8C%D9%88%DB%8C%D8%B3%DB%8C%D9%88%D9%86
460,https://fa.wikipedia.org/wiki/%D8%AA%D8%B1%D8%A7%D9%86%D8%B3%D9%BE%D9%88%D8%B2%D8%A7%D8%B2
461,https://fa.wikipedia.org/wiki/%D8%AA%D8%B1%D8%AC%D9%85%D9%87_(%D8%B2%DB%8C%D8%B3%D8%AA%E2%80%8C%D8%B4%D9%86%D8%A7%D8%B3%DB%8C)
462,https://fa.wikipedia.org/wiki/%D8%AA%D8%B1%D8%AC%D9%85%D9%87_%D8%A2%D8%B1%D8%A7%D9%86%E2%80%8C%D8%A7%DB%8C
463,https://fa.wikipedia.org/wiki/%D8%AA%D8%B1%D8%AC%D9%85%D9%87_%DB%8C%D9%88%DA%A9%D8%A7%D8%B1%DB%8C%D9%88%D8%AA%DB%8C
464,https://fa.wikipedia.org/wiki/%D8%AA%D8%B4%D8%AE%DB%8C%D8%B5_%D9%85%D9%88%D9%84%DA%A9%D9%88%D9%84%DB%8C
465,https://fa.wikipedia.org/wiki/%D8%AA%DA%A9%D8%AB%DB%8C%D8%B1_%D9%87%D9%85%E2%80%8C%D8%AF%D9%85%D8%A7%DB%8C_%D9%85%D8%AA%D8%B5%D9%84_%D8%A8%D9%87_%D8%AD%D9%84%D9%82%D9%87
466,https://fa.wikipedia.org/wiki/%D8%AA%D9%84%D9%88%D9%85%D8%B1
467,https://fa.wikipedia.org/wiki/%D8%AA%D9%86%D8%B8%DB%8C%D9%85_%D8%A8%DB%8C%D8%A7%D9%86_%DA%98%D9%86
468,https://fa.wikipedia.org/wiki/%D8%AA%D9%86%D9%88%D8%B9_%D8%AA%D8%B9%D8%AF%D8%A7%D8%AF_%DA%A9%D9%BE%DB%8C
469,https://fa.wikipedia.org/wiki/%D8%AA%D9%88%D8%A7%D9%84%DB%8C_(%D8%B2%DB%8C%D8%B3%D8%AA%E2%80%8C%D8%B4%D9%86%D8%A7%D8%B3%DB%8C)
470,https://fa.wikipedia.org/wiki/%D8%AA%D9%88%D8%A7%D9%84%DB%8C_%D8%A7%D8%B3%DB%8C%D8%AF_%D9%86%D9%88%DA%A9%D9%84%D8%A6%DB%8C%DA%A9
471,https://fa.wikipedia.org/wiki/%D8%AA%D9%88%D8%A7%D9%84%DB%8C%E2%80%8C%D9%87%D8%A7%DB%8C_%D9%87%D8%B3%D8%AA%D9%87%E2%80%8C%D8%A7%DB%8C_%D9%BE%D8%B1%D8%A7%DA%A9%D9%86%D8%AF%D9%87_%D8%A8%D9%84%D9%86%D8%AF
472,https://fa.wikipedia.org/wiki/%D8%AA%D9%88%D8%A7%D9%84%DB%8C%E2%80%8C%D9%87%D8%A7%DB%8C_%D9%87%D8%B3%D8%AA%D9%87%E2%80%8C%D8%A7%DB%8C_%D9%BE%D8%B1%D8%A7%DA%A9%D9%86%D8%AF%D9%87_%DA%A9%D9%88%D8%AA%D8%A7%D9%87
473,https://fa.wikipedia.org/wiki/%D8%AA%D9%88%D8%A7%D9%84%DB%8C%E2%80%8C%DB%8C%D8%A7%D8%A8%DB%8C_%D8%A2%D8%B1%D8%A7%D9%86%E2%80%8C%D8%A7%DB%8C
474,https://fa.wikipedia.org/wiki/%D8%AA%D9%88%D8%A7%D9%84%DB%8C%E2%80%8C%DB%8C%D8%A7%D8%A8%DB%8C_%D8%A8%D8%A7_%D9%BE%DB%8C%D8%B1%D9%88%D9%81%D8%B3%D9%81%D8%A7%D8%AA
475,https://fa.wikipedia.org/wiki/%D8%AA%D9%88%D8%A7%D9%84%DB%8C%E2%80%8C%DB%8C%D8%A7%D8%A8%DB%8C_%D8%AF%DB%8C%E2%80%8C%D8%A7%D9%86%E2%80%8C%D8%A7%DB%8C
476,https://fa.wikipedia.org/wiki/%D8%AA%D9%88%D8%A7%D9%84%DB%8C%E2%80%8C%DB%8C%D8%A7%D8%A8%DB%8C_%D8%B4%D8%A7%D8%AA%DA%AF%D8%A7%D9%86
477,https://fa.wikipedia.org/wiki/%D8%AA%D9%88%D8%A7%D9%84%DB%8C%E2%80%8C%DB%8C%D8%A7%D8%A8%DB%8C_%DA%A9%D9%84_%DA%98%D9%86%D9%88%D9%85
478,https://fa.wikipedia.org/wiki/%D8%AC%D8%A7%D9%86%D8%AF%D8%A7%D8%B1%D8%A7%D9%86_%D8%AF%D8%B3%D8%AA%DA%A9%D8%A7%D8%B1%DB%8C%E2%80%8C%D8%B4%D8%AF%D9%87_%DA%98%D9%86%D8%AA%DB%8C%DA%A9%DB%8C
479,https://fa.wikipedia.org/wiki/%D8%AC%D8%A7%DB%8C%DA%AF%D8%A7%D9%87_%D9%85%D8%AD%D8%AF%D9%88%D8%AF%DA%A9%D9%86%D9%86%D8%AF%D9%87
480,https://fa.wikipedia.org/wiki/%D8%AC%D8%A7%DB%8C%DA%AF%D8%B2%DB%8C%D9%86%DB%8C_%D9%85%D8%AA%D8%B1%D8%A7%D8%AF%D9%81
481,https://fa.wikipedia.org/wiki/%D8%AC%D8%B3%D8%AA%D8%AC%D9%88%DB%8C_%D9%85%D9%88%D8%AA%DB%8C%D9%81_%DA%A9%D8%A7%D8%B4%D8%AA%D9%87%E2%80%8C%D8%B4%D8%AF%D9%87
482,https://fa.wikipedia.org/wiki/%D8%AC%D8%B3%D8%AA%D8%AC%D9%88%DB%8C_%D9%85%D9%88%D8%AA%DB%8C%D9%81_%DA%AF%D9%85%D8%A7%D8%B4%D8%AA%D9%87%E2%80%8C%D8%B4%D8%AF%D9%87
483,https://fa.wikipedia.org/wiki/%D8%AC%D9%87%D8%B4
484,https://fa.wikipedia.org/wiki/%D8%AC%D9%87%D8%B4_%D9%86%D9%82%D8%B7%D9%87%E2%80%8C%D8%A7%DB%8C
485,https://fa.wikipedia.org/wiki/%D8%AC%D9%87%D8%B4%E2%80%8C%D8%B2%D8%A7%DB%8C%DB%8C
486,https://fa.wikipedia.org/wiki/%DA%86%D9%86%D8%AF%D8%B1%DB%8C%D8%AE%D8%AA%DB%8C_%D8%AA%DA%A9%E2%80%8C%D9%86%D9%88%DA%A9%D9%84%D8%A6%D9%88%D8%AA%DB%8C%D8%AF
487,https://fa.wikipedia.org/wiki/%DA%86%D9%86%D8%AF%D8%B1%DB%8C%D8%AE%D8%AA%DB%8C_%D8%B7%D9%88%D9%84_%D9%82%D8%B7%D8%B9%D9%87_%D8%A8%D8%B1%DB%8C%D8%AF%D9%87%E2%80%8C%D8%B4%D8%AF%D9%87
488,https://fa.wikipedia.org/wiki/%D8%AD%D8%A7%D8%B4%DB%8C%D9%87%E2%80%8C%D9%86%D9%88%DB%8C%D8%B3%DB%8C_%D8%A7%D8%B3%D9%86%DB%8C%D9%BE
489,https://fa.wikipedia.org/wiki/%D8%AE%D8%A7%D9%85%D9%88%D8%B4%DB%8C_%DA%98%D9%86
490,https://fa.wikipedia.org/wiki/%D8%AE%D9%88%D8%B4%D9%87_%DA%98%D9%86
491,https://fa.wikipedia.org/wiki/%D8%AF%D8%A6%D9%88%DA%A9%D8%B3%DB%8C%E2%80%8C%D8%B3%DB%8C%D8%AA%DB%8C%D8%AF%DB%8C%D9%86_%D8%AA%D8%B1%DB%8C%E2%80%8C%D9%81%D8%B3%D9%81%D8%A7%D8%AA
492,https://fa.wikipedia.org/wiki/%D8%AF%D8%B3%D8%AA%D9%87%E2%80%8C%D8%A8%D9%86%D8%AF%DB%8C_%D8%AF%DB%8C%E2%80%8C%D8%A7%D9%86%E2%80%8C%D8%A7%DB%8C
493,https://fa.wikipedia.org/wiki/%D8%AF%DA%AF%D9%85_%D9%85%D8%B1%DA%A9%D8%B2%DB%8C_%D8%B2%DB%8C%D8%B3%D8%AA%E2%80%8C%D8%B4%D9%86%D8%A7%D8%B3%DB%8C_%D9%85%D9%88%D9%84%DA%A9%D9%88%D9%84%DB%8C
494,https://fa.wikipedia.org/wiki/%D8%AF%D9%86%D8%A7%D8%AA%D9%88%D8%B1%D9%87_%DA%A9%D8%B1%D8%AF%D9%86_%D9%82%D9%84%DB%8C%D8%A7%DB%8C%DB%8C
495,https://fa.wikipedia.org/wiki/%D8%AF%D9%88%D8%B1%DA%AF%D9%87%E2%80%8C%D8%B3%D8%A7%D8%B2%DB%8C_%D8%AF%DB%8C%E2%80%8C%D8%A7%D9%86%E2%80%8C%D8%A7%DB%8C-%D8%AF%DB%8C%E2%80%8C%D8%A7%D9%86%E2%80%8C%D8%A7%DB%8C
496,https://fa.wikipedia.org/wiki/%D8%AF%DB%8C%E2%80%8C%D8%A7%D9%86%E2%80%8C%D8%A7%DB%8C
497,https://fa.wikipedia.org/wiki/%D8%AF%DB%8C%E2%80%8C%D8%A7%D9%86%E2%80%8C%D8%A7%DB%8C_%D8%AC%D8%AF%D8%A7%D8%B3%D8%A7%D8%B2
498,https://fa.wikipedia.org/wiki/%D8%AF%DB%8C%E2%80%8C%D8%A7%D9%86%E2%80%8C%D8%A7%DB%8C_%D8%B1%D8%A7%DB%8C%D8%A7%D9%86%D9%87
499,https://fa.wikipedia.org/wiki/%D8%AF%DB%8C%E2%80%8C%D8%A7%D9%86%E2%80%8C%D8%A7%DB%8C_%D9%85%DA%A9%D9%85%D9%84
500,https://fa.wikipedia.org/wiki/%D8%AF%DB%8C%E2%80%8C%D8%A7%D9%86%E2%80%8C%D8%A7%DB%8C_%D9%86%D9%88%D8%AA%D8%B1%DA%A9%DB%8C%D8%A8
501,https://fa.wikipedia.org/wiki/%D8%AF%DB%8C%D9%86%D8%A7%D9%85%DB%8C%DA%A9_%D8%BA%D8%B4%D8%A7
502,https://fa.wikipedia.org/wiki/%D8%B0%D8%AE%DB%8C%D8%B1%D9%87_%D8%AF%D8%A7%D8%AF%D9%87_%D8%AF%DB%8C%D8%AC%DB%8C%D8%AA%D8%A7%D9%84_%D8%AF%D8%B1_%D8%AF%DB%8C%E2%80%8C%D8%A7%D9%86%E2%80%8C%D8%A7%DB%8C
503,https://fa.wikipedia.org/wiki/%D8%B0%D8%B1%D8%A7%D8%AA_%D8%B4%D8%A8%D9%87%E2%80%8C%D9%88%DB%8C%D8%B1%D9%88%D8%B3
504,https://fa.wikipedia.org/wiki/%D8%B1%D8%A7%D9%87%E2%80%8C%D8%A7%D9%86%D8%AF%D8%A7%D8%B2_(%DA%98%D9%86%D8%AA%DB%8C%DA%A9)
505,https://fa.wikipedia.org/wiki/%D8%B1%D8%A7%D9%87%E2%80%8C%D8%A7%D9%86%D8%AF%D8%A7%D8%B2_%D8%A8%D8%A7%D9%84%D8%A7%D8%AF%D8%B3%D8%AA
506,https://fa.wikipedia.org/wiki/%D8%B1%D8%AA%D8%B1%D9%88%D8%AA%D8%B1%D8%A7%D9%86%D8%B3%D9%BE%D9%88%D8%B2%D9%88%D9%86
507,https://fa.wikipedia.org/wiki/%D8%B1%D8%AA%D8%B1%D9%88%D9%88%DB%8C%D8%B1%D9%88%D8%B3
508,https://fa.wikipedia.org/wiki/%D8%B1%D9%86%DA%AF%D8%AF%D8%A7%D9%86%D9%87_%D9%86%D9%88%D8%B1%DB%8C
509,https://fa.wikipedia.org/wiki/%D8%B1%D9%88%D8%B4_%D9%84%DA%A9%D9%87_%D8%AC%D9%86%D9%88%D8%A8%DB%8C
510,https://fa.wikipedia.org/wiki/%D8%B1%D9%88%D8%B4_%D9%84%DA%A9%D9%87_%D8%B4%D8%B1%D9%82%DB%8C
511,https://fa.wikipedia.org/wiki/%D8%B1%D9%88%D8%B4_%D9%84%DA%A9%D9%87_%D8%BA%D8%B1%D8%A8%DB%8C
512,https://fa.wikipedia.org/wiki/%D8%B1%D9%88%D9%86%D9%88%DB%8C%D8%B3%DB%8C_(%DA%98%D9%86%D8%AA%DB%8C%DA%A9)
513,https://fa.wikipedia.org/wiki/%D8%B1%DB%8C%D8%B2%D8%A2%D8%B1%D8%A7%D9%86%E2%80%8C%D8%A7%DB%8C
514,https://fa.wikipedia.org/wiki/%D8%B2%D8%AF%D9%85%D9%BE
515,https://fa.wikipedia.org/wiki/%D8%B2%D9%86%D8%AC%DB%8C%D8%B1%D9%87_%D8%A7%D9%86%D8%AA%D9%82%D8%A7%D9%84_%D8%A7%D9%84%DA%A9%D8%AA%D8%B1%D9%88%D9%86
516,https://fa.wikipedia.org/wiki/%D8%B2%DB%8C%D8%B3%D8%AA_%D8%A8%D8%B3%D9%BE%D8%A7%D8%B1
517,https://fa.wikipedia.org/wiki/%D8%B2%DB%8C%D8%B3%D8%AA%E2%80%8C%D8%AA%D8%B1%D8%A7%D8%B4%D9%87
518,https://fa.wikipedia.org/wiki/%D8%B2%DB%8C%D8%B3%D8%AA%E2%80%8C%D8%B4%D9%86%D8%A7%D8%B3%DB%8C_%D8%B3%D8%A7%D8%AE%D8%AA%D8%A7%D8%B1%DB%8C
519,https://fa.wikipedia.org/wiki/%D8%B2%DB%8C%D8%B3%D8%AA%E2%80%8C%D8%B4%D9%86%D8%A7%D8%B3%DB%8C_%D8%B3%D9%84%D9%88%D9%84%DB%8C
520,https://fa.wikipedia.org/wiki/%D8%A7%D9%84%DA%AF%D9%88:%D8%B2%DB%8C%D8%B3%D8%AA%E2%80%8C%D8%B4%D9%86%D8%A7%D8%B3%DB%8C_%D9%85%D9%88%D9%84%DA%A9%D9%88%D9%84%DB%8C
521,https://fa.wikipedia.org/wiki/%DA%98%D9%86
522,https://fa.wikipedia.org/wiki/%DA%98%D9%86_%D9%BE%DB%8C%D9%88%D9%86%D8%AF%DB%8C
523,https://fa.wikipedia.org/wiki/%DA%98%D9%86_%D8%AE%D8%A7%D9%86%D9%87%E2%80%8C%D8%A8%D8%A7%D9%86
524,https://fa.wikipedia.org/wiki/%DA%98%D9%86_%D8%AE%D9%88%D8%AF%DA%A9%D8%B4%DB%8C
525,https://fa.wikipedia.org/wiki/%DA%98%D9%86_%DA%AF%D8%B2%D8%A7%D8%B1%D8%B4%DA%AF%D8%B1
526,https://fa.wikipedia.org/wiki/%DA%98%D9%86_%D9%87%D8%B3%D8%AA%D9%87%E2%80%8C%D8%A7%DB%8C
527,https://fa.wikipedia.org/wiki/%DA%98%D9%86%D8%AA%DB%8C%DA%A9_%D9%85%D9%88%D9%84%DA%A9%D9%88%D9%84%DB%8C
528,https://fa.wikipedia.org/wiki/%DA%98%D9%86%E2%80%8C%D8%AF%D8%B1%D9%85%D8%A7%D9%86%DB%8C
529,https://fa.wikipedia.org/wiki/%DA%98%D9%86%D9%88%D9%85%DB%8C%DA%A9_%D8%B9%D9%85%D9%84%DA%A9%D8%B1%D8%AF%DB%8C
530,https://fa.wikipedia.org/wiki/%D8%B3%D8%A7%D8%A8_%DA%A9%D9%84%D9%88%D9%86%DB%8C%D9%86%DA%AF
531,https://fa.wikipedia.org/wiki/%D8%B3%D8%A7%D8%B2%D9%87_%D9%BE%DB%8C
532,https://fa.wikipedia.org/wiki/%D8%B3%D8%A7%D9%85%D8%A7%D9%86%D8%AF%D9%87%D9%86%D8%AF%D9%87_%D9%87%D9%85%D8%B3%D9%88
533,https://fa.wikipedia.org/wiki/%D8%B3%D8%A7%D9%85%D8%A7%D9%86%D8%AF%D9%87%DB%8C_%D9%86%D8%A7%D9%87%D9%85%D8%B3%D9%88
534,https://fa.wikipedia.org/wiki/%D8%B3%D8%A7%D9%86%D8%AA%D8%B1%D9%88%D9%85%D8%B1
535,https://fa.wikipedia.org/wiki/%D8%B3%D8%B1%D8%B7%D8%A7%D9%86%E2%80%8C%D8%B2%D8%A7%DB%8C%DB%8C
536,https://fa.wikipedia.org/wiki/%D8%B3%D9%84%D9%88%D9%84_%D8%B3%D9%88%D9%85%D8%A7%D8%AA%DB%8C%DA%A9
537,https://fa.wikipedia.org/wiki/%D8%B3%D9%85%D8%AA_%D9%88_%D8%B3%D9%88
538,https://fa.wikipedia.org/wiki/%D8%B3%D9%86%D8%B3_(%D8%B2%DB%8C%D8%B3%D8%AA%E2%80%8C%D8%B4%D9%86%D8%A7%D8%B3%DB%8C_%D9%85%D9%88%D9%84%DA%A9%D9%88%D9%84%DB%8C)
539,https://fa.wikipedia.org/wiki/%D8%B3%D9%87%E2%80%8C%DA%AF%D8%A7%D9%86%D9%87_%DA%A9%D8%A7%D8%AA%D8%A7%D9%84%DB%8C%D8%B2%DA%AF%D8%B1
540,https://fa.wikipedia.org/wiki/%D8%B4%D8%A7%D8%AE%D8%B5_%D9%85%DB%8C%D8%AA%D9%88%D8%B2%DB%8C
541,https://fa.wikipedia.org/wiki/%D8%B4%D8%A8%DB%8C%D9%87%E2%80%8C%D8%B3%D8%A7%D8%B2%DB%8C_(%D8%B2%DB%8C%D8%B3%D8%AA%E2%80%8C%D8%B4%D9%86%D8%A7%D8%B3%DB%8C)
542,https://fa.wikipedia.org/wiki/%D8%B4%DA%A9%D8%B3%D8%AA%E2%80%8C%D8%B2%D8%A7
543,https://fa.wikipedia.org/wiki/%D8%B9%D9%86%D8%B5%D8%B1_%D8%AC%D8%A7%D8%A8%D9%87%E2%80%8C%D8%AC%D8%A7_%D8%B4%D9%88%D9%86%D8%AF%D9%87
544,https://fa.wikipedia.org/wiki/%D8%B9%D9%86%D8%B5%D8%B1_Alu
545,https://fa.wikipedia.org/wiki/%D8%BA%D8%B0%D8%A7%DB%8C_%D8%A7%D8%B5%D9%84%D8%A7%D8%AD%E2%80%8C%D8%B4%D8%AF%D9%87_%DA%98%D9%86%D8%AA%DB%8C%DA%A9%DB%8C
546,https://fa.wikipedia.org/wiki/%D9%81%D8%A7%D8%B2_S
547,https://fa.wikipedia.org/wiki/%D9%81%D8%A7%DA%98%D9%85%DB%8C%D8%AF
548,https://fa.wikipedia.org/wiki/%D9%81%D8%B1%DA%AF%D8%B4%D8%AA_%D9%85%D9%84%DA%A9%D9%88%D9%84%DB%8C
549,https://fa.wikipedia.org/wiki/%D9%81%D8%B3%D9%81%D8%B1%DA%AF%DB%8C%D8%B1%DB%8C_%D8%A7%DA%A9%D8%B3%D8%A7%DB%8C%D8%B4%DB%8C
550,https://fa.wikipedia.org/wiki/%D9%81%D8%B4%D8%B1%D8%AF%DA%AF%DB%8C_%D8%AF%DB%8C%E2%80%8C%D8%A7%D9%86%E2%80%8C%D8%A7%DB%8C
551,https://fa.wikipedia.org/wiki/%D9%81%D9%84%D9%88%D8%B1%D8%B3%D8%A7%D9%86%D8%B3
552,https://fa.wikipedia.org/wiki/%D9%81%D9%86%D9%88%D8%AA%DB%8C%D9%BE
553,https://fa.wikipedia.org/wiki/%D9%BE%DB%8C%D8%B4%E2%80%8C%D9%86%D9%88%DB%8C%D8%B3:%D9%82%D8%A7%D8%B9%D8%AF%D9%87_%D8%A7%D8%B5%D9%84%DB%8C_%D8%B2%DB%8C%D8%B3%D8%AA_%D8%B4%D9%86%D8%A7%D8%B3%DB%8C_%D9%85%D9%88%D9%84%DA%A9%D9%88%D9%84%DB%8C
554,https://fa.wikipedia.org/wiki/%D9%82%D8%B7%D8%B9%D8%A7%D8%AA_%D8%A7%DA%A9%D8%A7%D8%B2%D8%A7%DA%A9%DB%8C
555,https://fa.wikipedia.org/wiki/%DA%A9%D8%A7%D9%86%D8%AA%DB%8C%DA%AF
556,https://fa.wikipedia.org/wiki/%DA%A9%D8%A7%D9%88%D8%B4%DA%AF%D8%B1_%D9%BE%DB%8C%D9%88%D9%86%D8%AF%DB%8C
557,https://fa.wikipedia.org/wiki/%DA%A9%D8%AA%D8%A7%D8%A8%D8%AE%D8%A7%D9%86%D9%87_%D8%B3%DB%8C%E2%80%8C%D8%AF%DB%8C%E2%80%8C%D8%A7%D9%86%E2%80%8C%D8%A7%DB%8C
558,https://fa.wikipedia.org/wiki/%DA%A9%D8%B1%D8%A7%D8%B3%DB%8C%D9%86%DA%AF%E2%80%8C%D8%A7%D9%88%D8%B1
559,https://fa.wikipedia.org/wiki/%DA%A9%D8%B1%D9%88%D9%85%D8%A7%D8%AA%D9%88%DA%AF%D8%B1%D8%A7%D9%81%DB%8C_%D8%A7%D9%86%D8%AF%D8%A7%D8%B2%D9%87%E2%80%8C%D8%A7%DB%8C
560,https://fa.wikipedia.org/wiki/%DA%A9%D8%B1%D9%88%D9%85%D9%88%D8%B2%D9%88%D9%85
561,https://fa.wikipedia.org/wiki/%DA%A9%D8%B1%DB%8C%D8%B3%D9%BE%D8%B1
562,https://fa.wikipedia.org/wiki/%DA%A9%D9%84%D8%A7%D9%87%DA%A9%E2%80%8C%DA%AF%D8%B0%D8%A7%D8%B1%DB%8C_%27%DB%B5
563,https://fa.wikipedia.org/wiki/%DA%A9%D9%84%D9%88%D9%86
564,https://fa.wikipedia.org/wiki/%DA%A9%DB%8C%D8%A7%D8%B3%D9%85%D8%A7_(%DA%98%D9%86%D8%AA%DB%8C%DA%A9)
565,https://fa.wikipedia.org/wiki/%DA%AF%D9%88%D8%A7%D9%86%DB%8C%D9%86
566,https://fa.wikipedia.org/wiki/%DA%AF%DB%8C%D8%B1%D9%86%D8%AF%D9%87_(%D8%A8%DB%8C%D9%88%D8%B4%DB%8C%D9%85%DB%8C)
567,https://fa.wikipedia.org/wiki/%DA%AF%DB%8C%D8%B1%D9%86%D8%AF%D9%87_%D8%AC%D9%81%D8%AA%E2%80%8C%D8%B4%D9%88%D9%86%D8%AF%D9%87_%D8%A8%D8%A7_%D9%BE%D8%B1%D9%88%D8%AA%D8%A6%DB%8C%D9%86_%D8%AC%DB%8C
568,https://fa.wikipedia.org/wiki/%DA%AF%DB%8C%D8%B1%D9%86%D8%AF%D9%87_%DA%AF%D8%A7%D8%A8%D8%A7_A
569,https://fa.wikipedia.org/wiki/%DA%AF%DB%8C%D8%B1%D9%86%D8%AF%D9%87%E2%80%8C%D9%87%D8%A7%DB%8C_%D8%A7%D9%88%D9%BE%DB%8C%D9%88%D8%A6%DB%8C%D8%AF
570,https://fa.wikipedia.org/wiki/%D9%84%D9%88%D8%B3%DB%8C%D9%81%D8%B1%D8%A7%D8%B2
571,https://fa.wikipedia.org/wiki/%D9%85%D8%A7%D9%87%D9%88%D8%A7%D8%B1%DA%A9
572,https://fa.wikipedia.org/wiki/%D9%85%D8%A4%D8%B3%D8%B3%D9%87_%D9%85%D9%84%DB%8C_%DA%98%D9%86%D8%AA%DB%8C%DA%A9_(%DA%98%D8%A7%D9%BE%D9%86)
573,https://fa.wikipedia.org/wiki/%D9%85%D8%A8%D8%AF%D9%84_%D8%B2%DB%8C%D8%B3%D8%AA%DB%8C
574,https://fa.wikipedia.org/wiki/%D9%85%D8%AA%D8%A7%D9%81%D8%A7%D8%B2
575,https://fa.wikipedia.org/wiki/%D9%85%D8%AD%D8%AA%D9%88%D8%A7%DB%8C_%D8%B3%DB%8C%D8%AA%D9%88%D8%B2%DB%8C%D9%86-%DA%AF%D9%88%D8%A7%D9%86%DB%8C%D9%86
576,https://fa.wikipedia.org/wiki/%D9%85%D8%AF%D9%84%E2%80%8C%D8%B3%D8%A7%D8%B2%DB%8C_%D9%85%D9%88%D9%84%DA%A9%D9%88%D9%84%DB%8C
577,https://fa.wikipedia.org/wiki/%D9%85%D8%B3%DB%8C%D8%B1_%D8%B3%D9%88%D8%AE%D8%AA%E2%80%8C%D9%88%D8%B3%D8%A7%D8%B2
578,https://fa.wikipedia.org/wiki/%D9%85%D9%88%D8%A7%D8%AC%D9%87%D9%87_%DA%A9%D9%84
579,https://fa.wikipedia.org/wiki/%D9%85%D9%87%D9%86%D8%AF%D8%B3%DB%8C_%DA%98%D9%86%D8%AA%DB%8C%DA%A9
580,https://fa.wikipedia.org/wiki/%D9%85%D9%87%D9%86%D8%AF%D8%B3%DB%8C_%DA%98%D9%86%D8%AA%DB%8C%DA%A9%DB%8C_%D8%A7%D9%86%D8%B3%D8%A7%D9%86
581,https://fa.wikipedia.org/wiki/%D9%86%D8%B4%D8%A7%D9%86%DA%AF%D8%B1_%DA%98%D9%86%D8%AA%DB%8C%DA%A9%DB%8C
582,https://fa.wikipedia.org/wiki/%D9%86%D8%B4%D8%A7%D9%86%DA%AF%D8%B1_%D9%85%D9%88%D9%84%DA%A9%D9%88%D9%84%DB%8C
583,https://fa.wikipedia.org/wiki/%D9%86%D9%82%D8%B4%D9%87_%DA%98%D9%86
584,https://fa.wikipedia.org/wiki/%D9%86%D9%82%D8%B4%D9%87_%DA%98%D9%86
585,https://fa.wikipedia.org/wiki/%D9%86%D9%82%D8%B4%D9%87_%DA%AF%D8%B1%D9%85%D8%A7%DB%8C%DB%8C
586,https://fa.wikipedia.org/wiki/%D9%86%D9%82%D8%B7%D9%87_%D8%A7%DB%8C%D8%B2%D9%88%D8%A7%D9%84%DA%A9%D8%AA%D8%B1%DB%8C%DA%A9
587,https://fa.wikipedia.org/wiki/%D9%86%D9%85%D8%A7%DB%8C%D8%B4_%D8%A2%D8%B1%D8%A7%D9%86%E2%80%8C%D8%A7%DB%8C_%D9%BE%DB%8C%D8%A7%D9%85%E2%80%8C%D8%B1%D8%B3%D8%A7%D9%86
588,https://fa.wikipedia.org/wiki/%D9%86%D9%85%D8%A7%DB%8C%D8%B4_%D9%81%D8%A7%DA%98%DB%8C
589,https://fa.wikipedia.org/wiki/%D9%86%D9%88%D8%A7%D8%AD%DB%8C_%D8%AA%D8%B1%D8%AC%D9%85%D9%87_%D9%86%D8%B4%D8%AF%D9%87
590,https://fa.wikipedia.org/wiki/%D9%86%D9%88%D8%B1%D9%88%D9%BE%D9%BE%D8%AA%DB%8C%D8%AF
591,https://fa.wikipedia.org/wiki/%D9%86%D9%88%DA%A9%D9%84%D8%A6%D8%A7%D8%B2_%D8%A7%D9%86%DA%AF%D8%B4%D8%AA_%D8%B1%D9%88%DB%8C
592,https://fa.wikipedia.org/wiki/%D9%86%D9%88%DA%A9%D9%84%D8%A6%D9%88%D8%AA%DB%8C%D8%AF
593,https://fa.wikipedia.org/wiki/%D9%86%D9%88%DA%A9%D9%84%D8%A6%D9%88%D8%B2%D9%88%D9%85
594,https://fa.wikipedia.org/wiki/%D9%86%DB%8C%DA%A9%D9%88%D8%AA%DB%8C%D9%86%E2%80%8C%D8%A2%D9%85%DB%8C%D8%AF_%D8%A2%D8%AF%D9%86%DB%8C%D9%86_%D8%AF%DB%8C%E2%80%8C%D9%86%D9%88%DA%A9%D9%84%D8%A6%D9%88%D8%AA%DB%8C%D8%AF
595,https://fa.wikipedia.org/wiki/%D9%88%D8%A7%DA%A9%D9%86%D8%B4_%D8%B2%D9%86%D8%AC%DB%8C%D8%B1%D9%87%E2%80%8C%D8%A7%DB%8C_%D9%BE%D9%84%DB%8C%D9%85%D8%B1%D8%A7%D8%B2
596,https://fa.wikipedia.org/wiki/%D9%88%D8%A7%DA%A9%D9%86%D8%B4_%D8%B2%D9%86%D8%AC%DB%8C%D8%B1%D9%87%E2%80%8C%D8%A7%DB%8C_%D9%BE%D9%84%DB%8C%D9%85%D8%B1%D8%A7%D8%B2_%D8%A8%DB%8C%E2%80%8C%D8%AF%D8%B1%D9%86%DA%AF
597,https://fa.wikipedia.org/wiki/%D9%88%D8%A7%DA%A9%D9%86%D8%B4_%D8%B2%D9%86%D8%AC%DB%8C%D8%B1%D9%87%E2%80%8C%D8%A7%DB%8C_%D9%BE%D9%84%DB%8C%D9%85%D8%B1%D8%A7%D8%B2_%D8%B1%D9%88%D9%86%D9%88%DB%8C%D8%B3%DB%8C_%D9%85%D8%B9%DA%A9%D9%88%D8%B3
598,https://fa.wikipedia.org/wiki/%D9%88%DA%A9%D8%AA%D9%88%D8%B1_(%D8%B2%DB%8C%D8%B3%D8%AA%E2%80%8C%D8%B4%D9%86%D8%A7%D8%B3%DB%8C_%D9%85%D9%88%D9%84%DA%A9%D9%88%D9%84%DB%8C)
599,https://fa.wikipedia.org/wiki/%D9%88%DA%A9%D8%AA%D9%88%D8%B1%D9%87%D8%A7_%D8%AF%D8%B1_%DA%98%D9%86%E2%80%8C%D8%AF%D8%B1%D9%85%D8%A7%D9%86%DB%8C
600,https://fa.wikipedia.org/wiki/%D9%88%DB%8C%D8%B1%D8%A7%DB%8C%D8%B4_%D9%BE%D8%B3%D8%A7%D8%B1%D9%88%D9%86%D9%88%DB%8C%D8%B3%DB%8C
601,https://fa.wikipedia.org/wiki/%D9%88%DB%8C%D8%B1%D9%88%D8%A6%DB%8C%D8%AF
602,https://fa.wikipedia.org/wiki/%D9%88%DB%8C%D8%B1%D9%88%D8%B3_%DA%AF%DB%8C%D8%A7%D9%87%DB%8C
603,https://fa.wikipedia.org/wiki/%D9%87%D8%AF%D9%81%E2%80%8C%DA%AF%DB%8C%D8%B1%DB%8C_%DA%98%D9%86%DB%8C
604,https://fa.wikipedia.org/wiki/%D9%87%D9%85%D8%A7%D9%86%D9%86%D8%AF%D8%B3%D8%A7%D8%B2%DB%8C_%D8%AF%DB%8C%E2%80%8C%D8%A7%D9%86%E2%80%8C%D8%A7%DB%8C
605,https://fa.wikipedia.org/wiki/%D9%87%D9%85%D8%AA%D8%A7%D8%B3%D8%A7%D8%B2%DB%8C_%D9%85%D9%88%D9%84%DA%A9%D9%88%D9%84%DB%8C
606,https://fa.wikipedia.org/wiki/%D9%87%D9%85%E2%80%8C%DA%98%D9%86%DB%8C
607,https://fa.wikipedia.org/wiki/%D9%87%D9%85%E2%80%8C%DB%8C%D9%88%D8%BA%DB%8C_%D8%A8%D8%A7%DA%A9%D8%AA%D8%B1%DB%8C%D8%A7%DB%8C%DB%8C
608,https://fa.wikipedia.org/wiki/EIF2
